uid,namedLocation,date,eventID,domainID,siteID,plotID,subplotID,nestedSubplotID,pointID,stemDistance,stemAzimuth,recordType,individualID,supportingStemIndividualID,previouslyTaggedAs,samplingProtocolVersion,taxonID,scientificName,taxonRank,identificationReferences,morphospeciesID,morphospeciesIDRemarks,identificationQualifier,remarks,measuredBy,recordedBy,dataQF
"72d3285f-5ac5-44c7-b204-061458563992","DCFS_089.basePlot.vst","2015-09-02","vst_DCFS_2015","D09","DCFS","DCFS_089","31","4","31",14.0,47.0,,"NEON.PLA.D09.DCFS.00060",,,"NEON.DOC.000987vE","ELCO","Elaeagnus commutata Bernh. ex Rydb.","species",,,,,,"mlakey@field-ops.org","gcain@neoninc.org",
"fdd6dd4a-a132-4c5c-ae24-3456590294e9","DCFS_089.basePlot.vst","2015-09-02","vst_DCFS_2015","D09","DCFS","DCFS_089","32","2","33",2.5,333.4,,"NEON.PLA.D09.DCFS.00066",,,"NEON.DOC.000987vE","SYOC","Symphoricarpos occidentalis Hook.","species",,,,,,"jeldridge@neoninc.org","kcasillas@field-ops.org",
"c56b5ea0-7e96-47bb-b322-3620c310d4f8","DCFS_089.basePlot.vst","2015-09-02","vst_DCFS_2015","D09","DCFS","DCFS_089","40","3","49",2.8,175.0,,"NEON.PLA.D09.DCFS.00102",,,"NEON.DOC.000987vE","ELCO","Elaeagnus commutata Bernh. ex Rydb.","species",,,,,,"mlakey@field-ops.org","gcain@neoninc.org",
"bd698924-b068-435a-9d42-5bc0d4c2aa5d","DCFS_089.basePlot.vst","2015-09-02","vst_DCFS_2015","D09","DCFS","DCFS_089","40","3","49",1.3,137.1,,"NEON.PLA.D09.DCFS.00105",,,"NEON.DOC.000987vE","ELCO","Elaeagnus commutata Bernh. ex Rydb.","species",,,,,"qualifying stem is dead & broken, additional live non-qualifying primary stems present","mlakey@field-ops.org","gcain@neoninc.org",
"9a9d6c12-6f9a-4b5a-b49c-63a98bb8dbf4","DCFS_089.basePlot.vst","2015-09-02","vst_DCFS_2015","D09","DCFS","DCFS_089","32","2","33",3.6,304.3,,"NEON.PLA.D09.DCFS.00067",,,"NEON.DOC.000987vE","ELCO","Elaeagnus commutata Bernh. ex Rydb.","species",,,,,,"jeldridge@neoninc.org","kcasillas@field-ops.org",
"a2b498cb-d70b-4480-9354-843ee998c291","DCFS_089.basePlot.vst","2015-09-02","vst_DCFS_2015","D09","DCFS","DCFS_089","41","1","41",2.8,19.0,,"NEON.PLA.D09.DCFS.00070",,,"NEON.DOC.000987vE","ELCO","Elaeagnus commutata Bernh. ex Rydb.","species",,,,,,"jeldridge@neoninc.org","kcasillas@field-ops.org",
"be9f3dd1-d549-4a70-a137-42b98c666469","DCFS_089.basePlot.vst","2015-09-02","vst_DCFS_2015","D09","DCFS","DCFS_089","40","1","49",10.6,168.6,,"NEON.PLA.D09.DCFS.00101",,,"NEON.DOC.000987vE","ELCO","Elaeagnus commutata Bernh. ex Rydb.","species",,,,,,"mlakey@field-ops.org","gcain@neoninc.org",
"3769b2fc-b7e2-4df6-8fa9-ccac27f9da16","DCFS_089.basePlot.vst","2015-09-02","vst_DCFS_2015","D09","DCFS","DCFS_089","40","3","51",1.7,120.3,,"NEON.PLA.D09.DCFS.00107",,,"NEON.DOC.000987vE","ELCO","Elaeagnus commutata Bernh. ex Rydb.","species",,,,,"additional dead & broken qualifying stem is present","mlakey@field-ops.org","gcain@neoninc.org",
"97d867df-9636-4fe3-bf19-089794c70694","DCFS_089.basePlot.vst","2015-09-02","vst_DCFS_2015","D09","DCFS","DCFS_089","40","3","49",2.3,114.0,,"NEON.PLA.D09.DCFS.00109",,,"NEON.DOC.000987vE","ELCO","Elaeagnus commutata Bernh. ex Rydb.","species",,,,,,"mlakey@field-ops.org","gcain@neoninc.org",
"1e68d47a-3f50-4f98-bd34-73208476f36c","DCFS_089.basePlot.vst","2015-09-02","vst_DCFS_2015","D09","DCFS","DCFS_089","31","1","31",2.4,43.0,,"NEON.PLA.D09.DCFS.00011",,,"NEON.DOC.000987vE","ELCO","Elaeagnus commutata Bernh. ex Rydb.","species",,,,,,"mlakey@field-ops.org","gcain@neoninc.org",
"cdab4e67-a178-4caa-b1c6-849f114fdcf3","DCFS_089.basePlot.vst","2015-09-02","vst_DCFS_2015","D09","DCFS","DCFS_089","40","3","49",3.2,137.4,,"NEON.PLA.D09.DCFS.00111",,,"NEON.DOC.000987vE","ELCO","Elaeagnus commutata Bernh. ex Rydb.","species",,,,,,"mlakey@field-ops.org","gcain@neoninc.org",
"39b6ec74-7690-4ad6-876c-5864b622523e","DCFS_089.basePlot.vst","2015-09-02","vst_DCFS_2015","D09","DCFS","DCFS_089","40","3","49",2.7,164.3,,"NEON.PLA.D09.DCFS.00103",,,"NEON.DOC.000987vE","ELCO","Elaeagnus commutata Bernh. ex Rydb.","species",,,,,,"mlakey@field-ops.org","gcain@neoninc.org",
"2be70c0e-fb5f-470c-a228-99a875945303","DCFS_089.basePlot.vst","2015-09-02","vst_DCFS_2015","D09","DCFS","DCFS_089","40","3","49",2.0,133.4,,"NEON.PLA.D09.DCFS.00108",,,"NEON.DOC.000987vE","ELCO","Elaeagnus commutata Bernh. ex Rydb.","species",,,,,,"mlakey@field-ops.org","gcain@neoninc.org",
"4b985212-2abe-425d-9b9f-b667a626c127","DCFS_089.basePlot.vst","2015-09-02","vst_DCFS_2015","D09","DCFS","DCFS_089","41","1","41",1.7,43.1,,"NEON.PLA.D09.DCFS.00069",,,"NEON.DOC.000987vE","ELCO","Elaeagnus commutata Bernh. ex Rydb.","species",,,,,,"jeldridge@neoninc.org","kcasillas@field-ops.org",
"f2eebf0c-c559-4973-b51a-ec4140b17aaf","DCFS_089.basePlot.vst","2015-09-02","vst_DCFS_2015","D09","DCFS","DCFS_089","31","1","31",3.2,63.0,,"NEON.PLA.D09.DCFS.00012",,,"NEON.DOC.000987vE","ELCO","Elaeagnus commutata Bernh. ex Rydb.","species",,,,,,"mlakey@field-ops.org","gcain@neoninc.org",
"4a155f33-3860-46c5-94fd-cfa71e2769d0","DCFS_089.basePlot.vst","2015-09-02","vst_DCFS_2015","D09","DCFS","DCFS_089","40","3","49",1.0,157.0,,"NEON.PLA.D09.DCFS.00113",,,"NEON.DOC.000987vE","ELCO","Elaeagnus commutata Bernh. ex Rydb.","species",,,,,,"mlakey@field-ops.org","gcain@neoninc.org",
"1f2c360a-4a99-4712-a31a-806b16679fe3","DCFS_089.basePlot.vst","2015-09-02","vst_DCFS_2015","D09","DCFS","DCFS_089","31","4","31",11.4,52.6,,"NEON.PLA.D09.DCFS.00059",,,"NEON.DOC.000987vE","ELCO","Elaeagnus commutata Bernh. ex Rydb.","species",,,,,,"mlakey@field-ops.org","gcain@neoninc.org",
"c340ab3b-ff1a-4212-80e2-b7668f746bb2","DCFS_089.basePlot.vst","2015-09-02","vst_DCFS_2015","D09","DCFS","DCFS_089","40","3","49",2.4,149.4,,"NEON.PLA.D09.DCFS.00112",,,"NEON.DOC.000987vE","ELCO","Elaeagnus commutata Bernh. ex Rydb.","species",,,,,,"mlakey@field-ops.org","gcain@neoninc.org",
"4a2c49e2-18d8-4fe7-a551-9e5eaf7b86dc","DCFS_089.basePlot.vst","2015-09-02","vst_DCFS_2015","D09","DCFS","DCFS_089","40","3","49",1.5,168.9,,"NEON.PLA.D09.DCFS.00104",,,"NEON.DOC.000987vE","ELCO","Elaeagnus commutata Bernh. ex Rydb.","species",,,,,"qualifying stem is broken at 32 cm, additional live non-qualifying primary stem","mlakey@field-ops.org","gcain@neoninc.org",
"26a56004-41ca-45e0-b0c7-93e3fe61346a","DCFS_089.basePlot.vst","2015-09-02","vst_DCFS_2015","D09","DCFS","DCFS_089","41","1","41",1.7,39.3,,"NEON.PLA.D09.DCFS.00068",,,"NEON.DOC.000987vE","ELCO","Elaeagnus commutata Bernh. ex Rydb.","species",,,,,,"jeldridge@neoninc.org","kcasillas@field-ops.org",
"15e75bbb-402e-42de-b3e0-7d49905d7aa0","DCFS_089.basePlot.vst","2015-09-02","vst_DCFS_2015","D09","DCFS","DCFS_089","41","1","41",3.3,57.5,,"NEON.PLA.D09.DCFS.00071",,,"NEON.DOC.000987vE","CRCH","Crataegus chrysocarpa Ashe","species",,,,,,"jeldridge@neoninc.org","kcasillas@field-ops.org",
"b751e1ac-49ba-4c17-8767-02a3e0a4c813","DCFS_089.basePlot.vst","2015-09-02","vst_DCFS_2015","D09","DCFS","DCFS_089","41","1","41",2.2,68.9,,"NEON.PLA.D09.DCFS.00072",,,"NEON.DOC.000987vE","ELCO","Elaeagnus commutata Bernh. ex Rydb.","species",,,,,,"jeldridge@neoninc.org","kcasillas@field-ops.org",
"0f6fdadb-7440-45fc-82a1-8f3bf79394de","DCFS_089.basePlot.vst","2015-09-02","vst_DCFS_2015","D09","DCFS","DCFS_089","40","3","49",1.0,102.3,,"NEON.PLA.D09.DCFS.00106",,,"NEON.DOC.000987vE","ELCO","Elaeagnus commutata Bernh. ex Rydb.","species",,,,,"additional live and dead non-qualifying primary stems present","mlakey@field-ops.org","gcain@neoninc.org",
"8cf2063a-8b0d-4afc-94a8-dc351990cf64","DCFS_089.basePlot.vst","2015-09-02","vst_DCFS_2015","D09","DCFS","DCFS_089","32","4","33",9.4,341.5,,"NEON.PLA.D09.DCFS.00065",,,"NEON.DOC.000987vE","CRCH","Crataegus chrysocarpa Ashe","species",,,,,,"jeldridge@neoninc.org","kcasillas@field-ops.org",
"8cfa8f03-dc2c-4769-913c-e48e99506b17","DCFS_070.basePlot.vst","2015-09-03","vst_DCFS_2015","D09","DCFS","DCFS_070","40","1","49",7.5,153.3,,"NEON.PLA.D09.DCFS.00033",,,"NEON.DOC.000987vE","ELCO","Elaeagnus commutata Bernh. ex Rydb.","species",,,,,,"jeldridge@neoninc.org","mlakey@field-ops.org",
"513d8942-8f07-4193-bd51-a2fbf601af4f","DCFS_070.basePlot.vst","2015-09-03","vst_DCFS_2015","D09","DCFS","DCFS_070","40","1","49",6.7,146.9,,"NEON.PLA.D09.DCFS.00034",,,"NEON.DOC.000987vE","ELCO","Elaeagnus commutata Bernh. ex Rydb.","species",,,,,,"jeldridge@neoninc.org","mlakey@field-ops.org",
"493e8c5c-c930-450d-a3fd-2c823cad291f","DCFS_070.basePlot.vst","2015-09-03","vst_DCFS_2015","D09","DCFS","DCFS_070","40","3","49",3.0,156.9,,"NEON.PLA.D09.DCFS.00023",,,"NEON.DOC.000987vE","ELCO","Elaeagnus commutata Bernh. ex Rydb.","species",,,,,,"jeldridge@neoninc.org","mlakey@field-ops.org",
"50dcdfbd-aa02-47ab-9271-51b33d7b4ae5","DCFS_087.basePlot.vst","2015-09-03","vst_DCFS_2015","D09","DCFS","DCFS_087","41","3","51",9.6,259.5,,"NEON.PLA.D09.DCFS.00134",,,"NEON.DOC.000987vE","ELCO","Elaeagnus commutata Bernh. ex Rydb.","species",,,,,,"jeldridge@neoninc.org","mlakey@field-ops.org",
"c37b4310-38cc-4c4f-8bd0-d509ca9ce07f","DCFS_087.basePlot.vst","2015-09-03","vst_DCFS_2015","D09","DCFS","DCFS_087","41","2","51",5.5,194.8,,"NEON.PLA.D09.DCFS.00118",,,"NEON.DOC.000987vE","ELCO","Elaeagnus commutata Bernh. ex Rydb.","species",,,,,,"jeldridge@neoninc.org","mlakey@field-ops.org",
"4b36ff9d-4ce2-4ac9-9268-ec314ea514f2","DCFS_087.basePlot.vst","2015-09-03","vst_DCFS_2015","D09","DCFS","DCFS_087","40","2","49",10.8,136.8,,"NEON.PLA.D09.DCFS.00140",,,"NEON.DOC.000987vE","ELCO","Elaeagnus commutata Bernh. ex Rydb.","species",,,,,,"jeldridge@neoninc.org","mlakey@field-ops.org",
"06dcea13-d10a-4605-b3e7-e57395bc4864","DCFS_087.basePlot.vst","2015-09-03","vst_DCFS_2015","D09","DCFS","DCFS_087","32","1","33",7.1,289.0,,"NEON.PLA.D09.DCFS.00047",,,"NEON.DOC.000987vE","PRVI","Prunus virginiana L.","species",,,,,,"jeldridge@neoninc.org","mlakey@field-ops.org",
"76ff46e6-1679-4cfe-94f2-c0cf09f95e7d","DCFS_087.basePlot.vst","2015-09-03","vst_DCFS_2015","D09","DCFS","DCFS_087","41","3","51",7.3,255.1,,"NEON.PLA.D09.DCFS.00131",,,"NEON.DOC.000987vE","ELCO","Elaeagnus commutata Bernh. ex Rydb.","species",,,,,,"jeldridge@neoninc.org","mlakey@field-ops.org",
"f3482aa0-99bb-4d27-8b84-831698298a99","DCFS_087.basePlot.vst","2015-09-03","vst_DCFS_2015","D09","DCFS","DCFS_087","40","2","49",10.1,130.8,,"NEON.PLA.D09.DCFS.00146",,,"NEON.DOC.000987vE","ELCO","Elaeagnus commutata Bernh. ex Rydb.","species",,,,,,"jeldridge@neoninc.org","mlakey@field-ops.org",
"9eeea3f4-d323-4b98-8b89-0357ac267a13","DCFS_087.basePlot.vst","2015-09-03","vst_DCFS_2015","D09","DCFS","DCFS_087","40","2","49",10.6,135.7,,"NEON.PLA.D09.DCFS.00141",,,"NEON.DOC.000987vE","ELCO","Elaeagnus commutata Bernh. ex Rydb.","species",,,,,,"jeldridge@neoninc.org","mlakey@field-ops.org",
"f0a59481-e623-42de-ba7d-3e894eef5977","DCFS_087.basePlot.vst","2015-09-03","vst_DCFS_2015","D09","DCFS","DCFS_087","41","4","51",4.3,201.8,,"NEON.PLA.D09.DCFS.00119",,,"NEON.DOC.000987vE","ELCO","Elaeagnus commutata Bernh. ex Rydb.","species",,,,,,"jeldridge@neoninc.org","mlakey@field-ops.org",
"5c7098ec-70ec-4a3d-986b-c1624db4889b","DCFS_087.basePlot.vst","2015-09-03","vst_DCFS_2015","D09","DCFS","DCFS_087","40","2","49",10.8,131.4,,"NEON.PLA.D09.DCFS.00145",,,"NEON.DOC.000987vE","ELCO","Elaeagnus commutata Bernh. ex Rydb.","species",,,,,,"jeldridge@neoninc.org","mlakey@field-ops.org",
"2654f12b-f4e1-49b7-ba93-5208172d7466","DCFS_087.basePlot.vst","2015-09-03","vst_DCFS_2015","D09","DCFS","DCFS_087","40","4","49",5.7,98.2,,"NEON.PLA.D09.DCFS.00152",,,"NEON.DOC.000987vE","ELCO","Elaeagnus commutata Bernh. ex Rydb.","species",,,,,,"jeldridge@neoninc.org","mlakey@field-ops.org",
"8a0c6fa2-3d56-457e-8d26-77113d8d4ad3","DCFS_070.basePlot.vst","2015-09-03","vst_DCFS_2015","D09","DCFS","DCFS_070","40","3","49",4.7,91.2,,"NEON.PLA.D09.DCFS.00042",,,"NEON.DOC.000987vE","ELCO","Elaeagnus commutata Bernh. ex Rydb.","species",,,,,,"jeldridge@neoninc.org","mlakey@field-ops.org",
"b1048e07-c951-43e6-af9e-7bd23ba7c5d2","DCFS_070.basePlot.vst","2015-09-03","vst_DCFS_2015","D09","DCFS","DCFS_070","40","1","49",6.9,144.0,,"NEON.PLA.D09.DCFS.00032",,,"NEON.DOC.000987vE","ELCO","Elaeagnus commutata Bernh. ex Rydb.","species",,,,,,"jeldridge@neoninc.org","mlakey@field-ops.org",
"e478944d-45c2-4f0a-bf4d-b17dc80f586c","DCFS_087.basePlot.vst","2015-09-03","vst_DCFS_2015","D09","DCFS","DCFS_087","40","4","49",7.7,97.4,,"NEON.PLA.D09.DCFS.00155",,,"NEON.DOC.000987vE","ELCO","Elaeagnus commutata Bernh. ex Rydb.","species",,,,,,"jeldridge@neoninc.org","mlakey@field-ops.org",
"4a199c82-be56-4424-993c-ebac530223ad","DCFS_070.basePlot.vst","2015-09-03","vst_DCFS_2015","D09","DCFS","DCFS_070","40","1","49",6.6,160.6,,"NEON.PLA.D09.DCFS.00050",,,"NEON.DOC.000987vE","ELCO","Elaeagnus commutata Bernh. ex Rydb.","species",,,,,,"jeldridge@neoninc.org","mlakey@field-ops.org",
"842c5089-a62c-4b84-a41e-5d9e0553f15f","DCFS_070.basePlot.vst","2015-09-03","vst_DCFS_2015","D09","DCFS","DCFS_070","40","1","49",9.2,161.3,,"NEON.PLA.D09.DCFS.00022",,,"NEON.DOC.000987vE","ELCO","Elaeagnus commutata Bernh. ex Rydb.","species",,,,,,"jeldridge@neoninc.org","mlakey@field-ops.org",
"7cf2a86c-ee85-4e0a-ad8f-5e7185f2fd9a","DCFS_070.basePlot.vst","2015-09-03","vst_DCFS_2015","D09","DCFS","DCFS_070","40","3","49",4.0,135.8,,"NEON.PLA.D09.DCFS.00035",,,"NEON.DOC.000987vE","ELCO","Elaeagnus commutata Bernh. ex Rydb.","species",,,,,,"jeldridge@neoninc.org","mlakey@field-ops.org",
"bbeb725b-7b19-4e6c-b095-4d5718a97615","DCFS_070.basePlot.vst","2015-09-03","vst_DCFS_2015","D09","DCFS","DCFS_070","40","3","49",5.7,141.1,,"NEON.PLA.D09.DCFS.00036",,,"NEON.DOC.000987vE","ELCO","Elaeagnus commutata Bernh. ex Rydb.","species",,,,,,"jeldridge@neoninc.org","mlakey@field-ops.org",
"eb64d005-e240-42be-9ed8-f0d9b5f7f9c1","DCFS_087.basePlot.vst","2015-09-03","vst_DCFS_2015","D09","DCFS","DCFS_087","40","3","49",3.8,134.6,,"NEON.PLA.D09.DCFS.00160",,,"NEON.DOC.000987vE","ELCO","Elaeagnus commutata Bernh. ex Rydb.","species",,,,,,"jeldridge@neoninc.org","mlakey@field-ops.org",
"52fa0464-c571-4bac-89e5-88eaa88b2715","DCFS_087.basePlot.vst","2015-09-03","vst_DCFS_2015","D09","DCFS","DCFS_087","41","3","51",7.3,265.6,,"NEON.PLA.D09.DCFS.00132",,,"NEON.DOC.000987vE","ELCO","Elaeagnus commutata Bernh. ex Rydb.","species",,,,,,"jeldridge@neoninc.org","mlakey@field-ops.org",
"a2727b95-e7ef-4d29-8bb7-fc6a3fffba82","DCFS_087.basePlot.vst","2015-09-03","vst_DCFS_2015","D09","DCFS","DCFS_087","41","4","51",3.0,209.5,,"NEON.PLA.D09.DCFS.00121",,,"NEON.DOC.000987vE","ELCO","Elaeagnus commutata Bernh. ex Rydb.","species",,,,,,"jeldridge@neoninc.org","mlakey@field-ops.org",
"0d85dbd8-d448-4957-86cc-dc097336df34","DCFS_070.basePlot.vst","2015-09-03","vst_DCFS_2015","D09","DCFS","DCFS_070","41","2","51",9.5,213.0,,"NEON.PLA.D09.DCFS.00028",,,"NEON.DOC.000987vE","ELCO","Elaeagnus commutata Bernh. ex Rydb.","species",,,,,,"jeldridge@neoninc.org","mlakey@field-ops.org",
"1b8160a7-7d10-4206-891c-442cb9446d77","DCFS_070.basePlot.vst","2015-09-03","vst_DCFS_2015","D09","DCFS","DCFS_070","40","1","49",8.7,161.3,,"NEON.PLA.D09.DCFS.00048",,,"NEON.DOC.000987vE","ELCO","Elaeagnus commutata Bernh. ex Rydb.","species",,,,,,"jeldridge@neoninc.org","mlakey@field-ops.org",
"dc2ab191-5fe8-4523-ad0f-240e5eca283c","DCFS_070.basePlot.vst","2015-09-03","vst_DCFS_2015","D09","DCFS","DCFS_070","40","1","49",5.9,155.9,,"NEON.PLA.D09.DCFS.00063",,,"NEON.DOC.000987vE","ELCO","Elaeagnus commutata Bernh. ex Rydb.","species",,,,,,"jeldridge@neoninc.org","mlakey@field-ops.org",
"7ca2f23d-0626-4997-9962-0c96e0ce0dd9","DCFS_070.basePlot.vst","2015-09-03","vst_DCFS_2015","D09","DCFS","DCFS_070","40","1","49",7.9,171.6,,"NEON.PLA.D09.DCFS.00054",,,"NEON.DOC.000987vE","ELCO","Elaeagnus commutata Bernh. ex Rydb.","species",,,,,,"jeldridge@neoninc.org","mlakey@field-ops.org",
"892073cf-30b7-470e-9e57-2540f64e0a85","DCFS_070.basePlot.vst","2015-09-03","vst_DCFS_2015","D09","DCFS","DCFS_070","40","3","49",1.6,135.0,,"NEON.PLA.D09.DCFS.00025",,,"NEON.DOC.000987vE","ELCO","Elaeagnus commutata Bernh. ex Rydb.","species",,,,,,"jeldridge@neoninc.org","mlakey@field-ops.org",
"ba5bb359-decd-42e5-8dcf-f56169911561","DCFS_070.basePlot.vst","2015-09-03","vst_DCFS_2015","D09","DCFS","DCFS_070","40","1","49",7.2,175.0,,"NEON.PLA.D09.DCFS.00057",,,"NEON.DOC.000987vE","ELCO","Elaeagnus commutata Bernh. ex Rydb.","species",,,,,,"jeldridge@neoninc.org","mlakey@field-ops.org",
"1a4da769-6063-48df-aa1d-f9f82259d71c","DCFS_070.basePlot.vst","2015-09-03","vst_DCFS_2015","D09","DCFS","DCFS_070","40","3","49",1.6,126.7,,"NEON.PLA.D09.DCFS.00062",,,"NEON.DOC.000987vE","ELCO","Elaeagnus commutata Bernh. ex Rydb.","species",,,,,,"jeldridge@neoninc.org","mlakey@field-ops.org",
"4233a2b8-48f9-4f88-ad8b-fbc994115565","DCFS_070.basePlot.vst","2015-09-03","vst_DCFS_2015","D09","DCFS","DCFS_070","41","4","51",3.9,257.5,,"NEON.PLA.D09.DCFS.00041",,,"NEON.DOC.000987vE","ELCO","Elaeagnus commutata Bernh. ex Rydb.","species",,,,,,"jeldridge@neoninc.org","mlakey@field-ops.org",
"0bb9870a-eb2c-48f9-b4a2-944c971b1ab9","DCFS_070.basePlot.vst","2015-09-03","vst_DCFS_2015","D09","DCFS","DCFS_070","40","1","49",6.5,154.5,,"NEON.PLA.D09.DCFS.00049",,,"NEON.DOC.000987vE","ELCO","Elaeagnus commutata Bernh. ex Rydb.","species",,,,,,"jeldridge@neoninc.org","mlakey@field-ops.org",
"a4c873bd-fd20-4d35-83a4-78cbc2b02a8d","DCFS_070.basePlot.vst","2015-09-03","vst_DCFS_2015","D09","DCFS","DCFS_070","40","3","49",4.9,122.0,,"NEON.PLA.D09.DCFS.00020",,,"NEON.DOC.000987vE","ELCO","Elaeagnus commutata Bernh. ex Rydb.","species",,,,,,"jeldridge@neoninc.org","mlakey@field-ops.org",
"533e4543-0e5b-4182-8304-0062389b5609","DCFS_070.basePlot.vst","2015-09-03","vst_DCFS_2015","D09","DCFS","DCFS_070","40","1","49",5.2,164.2,,"NEON.PLA.D09.DCFS.00053",,,"NEON.DOC.000987vE","ELCO","Elaeagnus commutata Bernh. ex Rydb.","species",,,,,,"jeldridge@neoninc.org","mlakey@field-ops.org",
"4eb16232-9492-49de-9689-b2bcd26e9c64","DCFS_070.basePlot.vst","2015-09-03","vst_DCFS_2015","D09","DCFS","DCFS_070","40","1","49",6.1,149.0,,"NEON.PLA.D09.DCFS.00027",,,"NEON.DOC.000987vE","ELCO","Elaeagnus commutata Bernh. ex Rydb.","species",,,,,,"jeldridge@neoninc.org","mlakey@field-ops.org",
"ee14514a-b060-4d61-adbd-01259e2a020a","DCFS_070.basePlot.vst","2015-09-03","vst_DCFS_2015","D09","DCFS","DCFS_070","40","1","49",7.9,155.4,,"NEON.PLA.D09.DCFS.00064",,,"NEON.DOC.000987vE","ELCO","Elaeagnus commutata Bernh. ex Rydb.","species",,,,,,"jeldridge@neoninc.org","mlakey@field-ops.org",
"77c040dc-4f43-4761-9e53-9864f69425b2","DCFS_070.basePlot.vst","2015-09-03","vst_DCFS_2015","D09","DCFS","DCFS_070","40","1","49",8.0,167.7,,"NEON.PLA.D09.DCFS.00040",,,"NEON.DOC.000987vE","ELCO","Elaeagnus commutata Bernh. ex Rydb.","species",,,,,,"jeldridge@neoninc.org","mlakey@field-ops.org",
"d78c38f5-b3ba-4112-bad1-be85c488b3b8","DCFS_070.basePlot.vst","2015-09-03","vst_DCFS_2015","D09","DCFS","DCFS_070","40","1","49",9.3,167.9,,"NEON.PLA.D09.DCFS.00043",,,"NEON.DOC.000987vE","ELCO","Elaeagnus commutata Bernh. ex Rydb.","species",,,,,,"jeldridge@neoninc.org","mlakey@field-ops.org",
"366bacc5-2dce-4c82-b171-55eca3243c4a","DCFS_070.basePlot.vst","2015-09-03","vst_DCFS_2015","D09","DCFS","DCFS_070","40","3","49",3.5,103.2,,"NEON.PLA.D09.DCFS.00058",,,"NEON.DOC.000987vE","ELCO","Elaeagnus commutata Bernh. ex Rydb.","species",,,,,,"jeldridge@neoninc.org","mlakey@field-ops.org",
"cb08426d-a515-48db-8b93-8d8c0d7a57c5","DCFS_070.basePlot.vst","2015-09-03","vst_DCFS_2015","D09","DCFS","DCFS_070","40","3","49",5.1,106.0,,"NEON.PLA.D09.DCFS.00056",,,"NEON.DOC.000987vE","ELCO","Elaeagnus commutata Bernh. ex Rydb.","species",,,,,,"jeldridge@neoninc.org","mlakey@field-ops.org",
"e7d1e746-d9fc-41bf-80d0-3e3fdf927c1b","DCFS_087.basePlot.vst","2015-09-03","vst_DCFS_2015","D09","DCFS","DCFS_087","40","4","49",6.9,97.5,,"NEON.PLA.D09.DCFS.00154",,,"NEON.DOC.000987vE","ELCO","Elaeagnus commutata Bernh. ex Rydb.","species",,,,,,"jeldridge@neoninc.org","mlakey@field-ops.org",
"88522f64-08b6-4b0d-8d12-d8f35b49512c","DCFS_087.basePlot.vst","2015-09-03","vst_DCFS_2015","D09","DCFS","DCFS_087","40","2","49",11.1,130.5,,"NEON.PLA.D09.DCFS.00144",,,"NEON.DOC.000987vE","ELCO","Elaeagnus commutata Bernh. ex Rydb.","species",,,,,,"jeldridge@neoninc.org","mlakey@field-ops.org",
"32b82e17-6125-4964-896a-55386af33185","DCFS_087.basePlot.vst","2015-09-03","vst_DCFS_2015","D09","DCFS","DCFS_087","41","2","51",6.6,190.2,,"NEON.PLA.D09.DCFS.00116",,,"NEON.DOC.000987vE","ELCO","Elaeagnus commutata Bernh. ex Rydb.","species",,,,,,"jeldridge@neoninc.org","mlakey@field-ops.org",
"824a5faf-458b-4190-ac61-6f2e1338eb06","DCFS_087.basePlot.vst","2015-09-03","vst_DCFS_2015","D09","DCFS","DCFS_087","40","2","49",11.7,131.7,,"NEON.PLA.D09.DCFS.00143",,,"NEON.DOC.000987vE","ELCO","Elaeagnus commutata Bernh. ex Rydb.","species",,,,,,"jeldridge@neoninc.org","mlakey@field-ops.org",
"5e7eb3f1-d478-43e7-9ee9-6e0cdcc3fa25","DCFS_087.basePlot.vst","2015-09-03","vst_DCFS_2015","D09","DCFS","DCFS_087","41","3","51",5.6,252.4,,"NEON.PLA.D09.DCFS.00128",,,"NEON.DOC.000987vE","ELCO","Elaeagnus commutata Bernh. ex Rydb.","species",,,,,,"jeldridge@neoninc.org","mlakey@field-ops.org",
"7224527d-1237-42cf-84c8-2d43962de33c","DCFS_087.basePlot.vst","2015-09-03","vst_DCFS_2015","D09","DCFS","DCFS_087","32","1","33",6.9,285.9,,"NEON.PLA.D09.DCFS.00031",,,"NEON.DOC.000987vE","PRVI","Prunus virginiana L.","species",,,,,,"jeldridge@neoninc.org","mlakey@field-ops.org",
"452e41c5-31ed-458c-8870-341c08d77068","DCFS_087.basePlot.vst","2015-09-03","vst_DCFS_2015","D09","DCFS","DCFS_087","40","2","49",11.9,133.4,,"NEON.PLA.D09.DCFS.00142",,,"NEON.DOC.000987vE","ELCO","Elaeagnus commutata Bernh. ex Rydb.","species",,,,,,"jeldridge@neoninc.org","mlakey@field-ops.org",
"42afff75-1169-4b6b-9dd9-86485465ef60","DCFS_087.basePlot.vst","2015-09-03","vst_DCFS_2015","D09","DCFS","DCFS_087","41","3","51",6.8,245.8,,"NEON.PLA.D09.DCFS.00130",,,"NEON.DOC.000987vE","ELCO","Elaeagnus commutata Bernh. ex Rydb.","species",,,,,,"jeldridge@neoninc.org","mlakey@field-ops.org",
"36c1005f-200c-4f68-be72-8fdf97a4ca4e","DCFS_087.basePlot.vst","2015-09-03","vst_DCFS_2015","D09","DCFS","DCFS_087","41","4","51",3.8,255.4,,"NEON.PLA.D09.DCFS.00124",,,"NEON.DOC.000987vE","ELCO","Elaeagnus commutata Bernh. ex Rydb.","species",,,,,,"jeldridge@neoninc.org","mlakey@field-ops.org",
"66ad5b5f-064e-4ef1-8df2-c714b2948760","DCFS_087.basePlot.vst","2015-09-03","vst_DCFS_2015","D09","DCFS","DCFS_087","41","4","51",2.7,210.4,,"NEON.PLA.D09.DCFS.00122",,,"NEON.DOC.000987vE","ELCO","Elaeagnus commutata Bernh. ex Rydb.","species",,,,,,"jeldridge@neoninc.org","mlakey@field-ops.org",
"48d4f1db-5fe1-4f7c-8a58-fbb389c02e76","DCFS_087.basePlot.vst","2015-09-03","vst_DCFS_2015","D09","DCFS","DCFS_087","41","4","51",3.8,209.1,,"NEON.PLA.D09.DCFS.00120",,,"NEON.DOC.000987vE","ELCO","Elaeagnus commutata Bernh. ex Rydb.","species",,,,,,"jeldridge@neoninc.org","mlakey@field-ops.org",
"8aa18d0f-eba3-4cfb-b967-da6438f7ee5e","DCFS_087.basePlot.vst","2015-09-03","vst_DCFS_2015","D09","DCFS","DCFS_087","40","4","49",7.8,109.4,,"NEON.PLA.D09.DCFS.00149",,,"NEON.DOC.000987vE","ELCO","Elaeagnus commutata Bernh. ex Rydb.","species",,,,,,"jeldridge@neoninc.org","mlakey@field-ops.org",
"783158f0-faf1-47e0-b63c-c23923805733","DCFS_087.basePlot.vst","2015-09-03","vst_DCFS_2015","D09","DCFS","DCFS_087","40","4","49",6.5,112.9,,"NEON.PLA.D09.DCFS.00151",,,"NEON.DOC.000987vE","ELCO","Elaeagnus commutata Bernh. ex Rydb.","species",,,,,,"jeldridge@neoninc.org","mlakey@field-ops.org",
"7640a40d-0ac3-4b24-aa68-8632e0f8a3b0","DCFS_087.basePlot.vst","2015-09-03","vst_DCFS_2015","D09","DCFS","DCFS_087","40","4","49",8.2,104.1,,"NEON.PLA.D09.DCFS.00156",,,"NEON.DOC.000987vE","ELCO","Elaeagnus commutata Bernh. ex Rydb.","species",,,,,,"jeldridge@neoninc.org","mlakey@field-ops.org",
"bd6e03d1-a864-4c3f-8bb7-826df24d3da9","DCFS_087.basePlot.vst","2015-09-03","vst_DCFS_2015","D09","DCFS","DCFS_087","32","1","33",7.1,289.2,,"NEON.PLA.D09.DCFS.00061",,,"NEON.DOC.000987vE","PRVI","Prunus virginiana L.","species",,,,,,"jeldridge@neoninc.org","mlakey@field-ops.org",
"f6d3ca4e-f44a-4d89-a138-f9ef66304762","DCFS_087.basePlot.vst","2015-09-03","vst_DCFS_2015","D09","DCFS","DCFS_087","40","3","49",2.2,104.4,,"NEON.PLA.D09.DCFS.00159",,,"NEON.DOC.000987vE","ELCO","Elaeagnus commutata Bernh. ex Rydb.","species",,,,,,"jeldridge@neoninc.org","mlakey@field-ops.org",
"2159a1b8-69e9-4041-9795-fad8edc94cab","DCFS_087.basePlot.vst","2015-09-03","vst_DCFS_2015","D09","DCFS","DCFS_087","40","4","49",7.6,109.8,,"NEON.PLA.D09.DCFS.00150",,,"NEON.DOC.000987vE","ELCO","Elaeagnus commutata Bernh. ex Rydb.","species",,,,,,"jeldridge@neoninc.org","mlakey@field-ops.org",
"f77a608e-48ca-4cc7-a5bc-2a15a209acd6","DCFS_087.basePlot.vst","2015-09-03","vst_DCFS_2015","D09","DCFS","DCFS_087","40","2","49",11.3,139.5,,"NEON.PLA.D09.DCFS.00110",,,"NEON.DOC.000987vE","ELCO","Elaeagnus commutata Bernh. ex Rydb.","species",,,,,,"jeldridge@neoninc.org","mlakey@field-ops.org",
"568f84b0-d074-4c0a-93cb-68be78d5b6c2","DCFS_087.basePlot.vst","2015-09-03","vst_DCFS_2015","D09","DCFS","DCFS_087","41","3","51",8.4,229.7,,"NEON.PLA.D09.DCFS.00139",,,"NEON.DOC.000987vE","ELCO","Elaeagnus commutata Bernh. ex Rydb.","species",,,,,,"jeldridge@neoninc.org","mlakey@field-ops.org",
"5fe15558-09e4-4b6e-931a-50535c95fba7","DCFS_087.basePlot.vst","2015-09-03","vst_DCFS_2015","D09","DCFS","DCFS_087","40","4","49",10.2,96.2,,"NEON.PLA.D09.DCFS.00157",,,"NEON.DOC.000987vE","ELCO","Elaeagnus commutata Bernh. ex Rydb.","species",,,,,,"jeldridge@neoninc.org","mlakey@field-ops.org",
"587314c0-75f3-46a4-b5f7-bda6c7ae8d64","DCFS_087.basePlot.vst","2015-09-03","vst_DCFS_2015","D09","DCFS","DCFS_087","41","4","51",4.7,216.9,,"NEON.PLA.D09.DCFS.00125",,,"NEON.DOC.000987vE","ELCO","Elaeagnus commutata Bernh. ex Rydb.","species",,,,,,"jeldridge@neoninc.org","mlakey@field-ops.org",
"929d1733-4d99-468a-81eb-8832cd33e059","DCFS_087.basePlot.vst","2015-09-03","vst_DCFS_2015","D09","DCFS","DCFS_087","41","1","51",10.4,236.3,,"NEON.PLA.D09.DCFS.00138",,,"NEON.DOC.000987vE","ELCO","Elaeagnus commutata Bernh. ex Rydb.","species",,,,,,"jeldridge@neoninc.org","mlakey@field-ops.org",
"eee146c6-7ee1-4b91-8fce-74580e945f20","DCFS_087.basePlot.vst","2015-09-03","vst_DCFS_2015","D09","DCFS","DCFS_087","41","2","51",6.7,192.1,,"NEON.PLA.D09.DCFS.00115",,,"NEON.DOC.000987vE","ELCO","Elaeagnus commutata Bernh. ex Rydb.","species",,,,,,"jeldridge@neoninc.org","mlakey@field-ops.org",
"5804c027-9047-4708-a8b9-dcf831da6b7e","DCFS_087.basePlot.vst","2015-09-03","vst_DCFS_2015","D09","DCFS","DCFS_087","41","2","51",9.1,187.8,,"NEON.PLA.D09.DCFS.00114",,,"NEON.DOC.000987vE","ELCO","Elaeagnus commutata Bernh. ex Rydb.","species",,,,,,"jeldridge@neoninc.org","mlakey@field-ops.org",
"90b3ce2d-883a-48f9-97d9-ec1665a63238","DCFS_070.basePlot.vst","2015-09-03","vst_DCFS_2015","D09","DCFS","DCFS_070","40","3","49",1.0,136.0,,"NEON.PLA.D09.DCFS.00013",,,"NEON.DOC.000987vE","ELCO","Elaeagnus commutata Bernh. ex Rydb.","species",,,,,,"jeldridge@neoninc.org","mlakey@field-ops.org",
"9d5cf244-1133-44a4-93d7-ae06115a3676","DCFS_087.basePlot.vst","2015-09-03","vst_DCFS_2015","D09","DCFS","DCFS_087","41","2","51",5.9,195.0,,"NEON.PLA.D09.DCFS.00117",,,"NEON.DOC.000987vE","ELCO","Elaeagnus commutata Bernh. ex Rydb.","species",,,,,,"jeldridge@neoninc.org","mlakey@field-ops.org",
"fa79a815-6be4-4478-8fe8-5ea4a4fd411a","DCFS_087.basePlot.vst","2015-09-03","vst_DCFS_2015","D09","DCFS","DCFS_087","41","4","51",3.4,235.5,,"NEON.PLA.D09.DCFS.00123",,,"NEON.DOC.000987vE","ELCO","Elaeagnus commutata Bernh. ex Rydb.","species",,,,,,"jeldridge@neoninc.org","mlakey@field-ops.org",
"e16e0cd0-6bea-423b-864a-b36c546fc2db","DCFS_087.basePlot.vst","2015-09-03","vst_DCFS_2015","D09","DCFS","DCFS_087","41","4","51",5.2,218.1,,"NEON.PLA.D09.DCFS.00126",,,"NEON.DOC.000987vE","ELCO","Elaeagnus commutata Bernh. ex Rydb.","species",,,,,,"jeldridge@neoninc.org","mlakey@field-ops.org",
"16b9a90f-2d0f-4947-85c1-4673a537d394","DCFS_087.basePlot.vst","2015-09-03","vst_DCFS_2015","D09","DCFS","DCFS_087","40","4","49",9.2,118.8,,"NEON.PLA.D09.DCFS.00148",,,"NEON.DOC.000987vE","ELCO","Elaeagnus commutata Bernh. ex Rydb.","species",,,,,,"jeldridge@neoninc.org","mlakey@field-ops.org",
"f4214fe1-0969-49ba-bde3-7a7260cbd155","DCFS_087.basePlot.vst","2015-09-03","vst_DCFS_2015","D09","DCFS","DCFS_087","41","1","51",11.0,239.3,,"NEON.PLA.D09.DCFS.00137",,,"NEON.DOC.000987vE","ELCO","Elaeagnus commutata Bernh. ex Rydb.","species",,,,,,"jeldridge@neoninc.org","mlakey@field-ops.org",
"04b9116d-c54e-4cfa-9bd2-7f426062a158","DCFS_087.basePlot.vst","2015-09-03","vst_DCFS_2015","D09","DCFS","DCFS_087","41","3","51",6.4,251.4,,"NEON.PLA.D09.DCFS.00129",,,"NEON.DOC.000987vE","ELCO","Elaeagnus commutata Bernh. ex Rydb.","species",,,,,,"jeldridge@neoninc.org","mlakey@field-ops.org",
"bd45680a-1a98-4bfb-afd5-6f362be1e3fc","DCFS_087.basePlot.vst","2015-09-03","vst_DCFS_2015","D09","DCFS","DCFS_087","41","3","51",9.3,243.1,,"NEON.PLA.D09.DCFS.00135",,,"NEON.DOC.000987vE","ELCO","Elaeagnus commutata Bernh. ex Rydb.","species",,,,,,"jeldridge@neoninc.org","mlakey@field-ops.org",
"d05b954a-fdd2-45c2-b048-1f46285ee40d","DCFS_087.basePlot.vst","2015-09-03","vst_DCFS_2015","D09","DCFS","DCFS_087","41","3","51",9.9,244.7,,"NEON.PLA.D09.DCFS.00136",,,"NEON.DOC.000987vE","ELCO","Elaeagnus commutata Bernh. ex Rydb.","species",,,,,,"jeldridge@neoninc.org","mlakey@field-ops.org",
"a656bc8f-b188-4933-b301-3309fe2c4d1a","DCFS_087.basePlot.vst","2015-09-03","vst_DCFS_2015","D09","DCFS","DCFS_087","40","4","49",9.6,93.7,,"NEON.PLA.D09.DCFS.00158",,,"NEON.DOC.000987vE","ELCO","Elaeagnus commutata Bernh. ex Rydb.","species",,,,,,"jeldridge@neoninc.org","mlakey@field-ops.org",
"22589522-2916-463b-b095-e0980992638a","DCFS_087.basePlot.vst","2015-09-03","vst_DCFS_2015","D09","DCFS","DCFS_087","40","2","49",8.7,130.2,,"NEON.PLA.D09.DCFS.00147",,,"NEON.DOC.000987vE","ELCO","Elaeagnus commutata Bernh. ex Rydb.","species",,,,,,"jeldridge@neoninc.org","mlakey@field-ops.org",
"f08caa40-1080-42e3-aa0f-de898f227361","DCFS_087.basePlot.vst","2015-09-03","vst_DCFS_2015","D09","DCFS","DCFS_087","41","4","51",5.8,211.4,,"NEON.PLA.D09.DCFS.00127",,,"NEON.DOC.000987vE","ELCO","Elaeagnus commutata Bernh. ex Rydb.","species",,,,,,"jeldridge@neoninc.org","mlakey@field-ops.org",
"9437bb51-cc30-48b1-b3de-a4b1c044651d","DCFS_087.basePlot.vst","2015-09-03","vst_DCFS_2015","D09","DCFS","DCFS_087","40","4","49",6.7,104.0,,"NEON.PLA.D09.DCFS.00153",,,"NEON.DOC.000987vE","ELCO","Elaeagnus commutata Bernh. ex Rydb.","species",,,,,,"jeldridge@neoninc.org","mlakey@field-ops.org",
"bd6d383a-4e15-4d2a-a84b-90ae2bad9609","DCFS_087.basePlot.vst","2015-09-03","vst_DCFS_2015","D09","DCFS","DCFS_087","41","3","51",9.4,264.5,,"NEON.PLA.D09.DCFS.00133",,,"NEON.DOC.000987vE","ELCO","Elaeagnus commutata Bernh. ex Rydb.","species",,,,,"not certain if sms or sap","jeldridge@neoninc.org","mlakey@field-ops.org",
"bbb4c4a8-c2b9-4bf6-b623-54bc8c793bed","DCFS_070.basePlot.vst","2015-09-03","vst_DCFS_2015","D09","DCFS","DCFS_070","31","4","41",4.5,260.6,,"NEON.PLA.D09.DCFS.00038",,,"NEON.DOC.000987vE","ELCO","Elaeagnus commutata Bernh. ex Rydb.","species",,,,,,"jeldridge@neoninc.org","mlakey@field-ops.org",
"4d4784e5-2e4f-4d5e-8018-e495c0d54003","DCFS_070.basePlot.vst","2015-09-03","vst_DCFS_2015","D09","DCFS","DCFS_070","32","4","41",9.1,96.6,,"NEON.PLA.D09.DCFS.00046",,,"NEON.DOC.000987vE","ELCO","Elaeagnus commutata Bernh. ex Rydb.","species",,,,,,"jeldridge@neoninc.org","mlakey@field-ops.org",
"0665019b-8491-4129-8b2b-37245e87f7e8","DCFS_070.basePlot.vst","2015-09-03","vst_DCFS_2015","D09","DCFS","DCFS_070","40","3","49",3.5,95.5,,"NEON.PLA.D09.DCFS.00018",,,"NEON.DOC.000987vE","ELCO","Elaeagnus commutata Bernh. ex Rydb.","species",,,,,,"jeldridge@neoninc.org","mlakey@field-ops.org",
"3b60114f-ba44-48b8-82c5-98756ce06656","DCFS_070.basePlot.vst","2015-09-03","vst_DCFS_2015","D09","DCFS","DCFS_070","40","1","49",6.4,161.3,,"NEON.PLA.D09.DCFS.00030",,,"NEON.DOC.000987vE","ELCO","Elaeagnus commutata Bernh. ex Rydb.","species",,,,,,"jeldridge@neoninc.org","mlakey@field-ops.org",
"601af9b8-3ed7-49ec-8d64-477d93881ddb","DCFS_070.basePlot.vst","2015-09-03","vst_DCFS_2015","D09","DCFS","DCFS_070","40","1","49",9.8,162.3,,"NEON.PLA.D09.DCFS.00055",,,"NEON.DOC.000987vE","ELCO","Elaeagnus commutata Bernh. ex Rydb.","species",,,,,,"jeldridge@neoninc.org","mlakey@field-ops.org",
"da167a79-61e6-4730-9843-88a052bbc845","DCFS_070.basePlot.vst","2015-09-03","vst_DCFS_2015","D09","DCFS","DCFS_070","40","1","49",7.9,150.7,,"NEON.PLA.D09.DCFS.00039",,,"NEON.DOC.000987vE","ELCO","Elaeagnus commutata Bernh. ex Rydb.","species",,,,,,"jeldridge@neoninc.org","mlakey@field-ops.org",
"b09ee5d2-7143-40cc-bce2-0fcbc99ae487","DCFS_070.basePlot.vst","2015-09-03","vst_DCFS_2015","D09","DCFS","DCFS_070","40","1","49",5.8,155.4,,"NEON.PLA.D09.DCFS.00019",,,"NEON.DOC.000987vE","ELCO","Elaeagnus commutata Bernh. ex Rydb.","species",,,,,,"jeldridge@neoninc.org","mlakey@field-ops.org",
"e60d0307-11b2-46c5-bddc-17e8d2c5711c","DCFS_070.basePlot.vst","2015-09-03","vst_DCFS_2015","D09","DCFS","DCFS_070","40","1","49",6.9,175.1,,"NEON.PLA.D09.DCFS.00037",,,"NEON.DOC.000987vE","ELCO","Elaeagnus commutata Bernh. ex Rydb.","species",,,,,,"jeldridge@neoninc.org","mlakey@field-ops.org",
"2135d8c2-5bd1-45b4-833e-1f4f0b5a6e80","DCFS_070.basePlot.vst","2015-09-03","vst_DCFS_2015","D09","DCFS","DCFS_070","40","3","49",6.1,135.2,,"NEON.PLA.D09.DCFS.00029",,,"NEON.DOC.000987vE","ELCO","Elaeagnus commutata Bernh. ex Rydb.","species",,,,,,"jeldridge@neoninc.org","mlakey@field-ops.org",
"24ff8006-e1b6-47b0-b132-d1d2c524cbfe","DCFS_080.basePlot.vst","2015-09-10","vst_DCFS_2015","D09","DCFS","DCFS_080","41","1","41",2.7,49.0,,"NEON.PLA.D09.DCFS.00195",,,"NEON.DOC.000987vE","ELCO","Elaeagnus commutata Bernh. ex Rydb.","species",,,,,,"jeldridge@neoninc.org","kcasillas@field-ops.org",
"6cad53f4-ad36-4e8f-945f-0d6685bb96f8","DCFS_080.basePlot.vst","2015-09-10","vst_DCFS_2015","D09","DCFS","DCFS_080","31","4","41",3.3,219.8,,"NEON.PLA.D09.DCFS.00185",,,"NEON.DOC.000987vE","ELCO","Elaeagnus commutata Bernh. ex Rydb.","species",,,,,,"jeldridge@neoninc.org","kcasillas@field-ops.org",
"01c32743-a599-47b9-8921-7ed0805a6781","DCFS_080.basePlot.vst","2015-09-10","vst_DCFS_2015","D09","DCFS","DCFS_080","32","4","33",6.6,343.8,,"NEON.PLA.D09.DCFS.00188",,,"NEON.DOC.000987vE","ELCO","Elaeagnus commutata Bernh. ex Rydb.","species",,,,,,"jeldridge@neoninc.org","kcasillas@field-ops.org",
"3c7eb8f2-1bdd-4fda-bd8f-b97203313cae","DCFS_080.basePlot.vst","2015-09-10","vst_DCFS_2015","D09","DCFS","DCFS_080","41","4","51",4.1,212.5,,"NEON.PLA.D09.DCFS.00024",,,"NEON.DOC.000987vE","ELCO","Elaeagnus commutata Bernh. ex Rydb.","species",,,,,,"jeldridge@neoninc.org","kcasillas@field-ops.org",
"7bc588cc-0a09-44b6-bbb0-9034498ab206","DCFS_080.basePlot.vst","2015-09-10","vst_DCFS_2015","D09","DCFS","DCFS_080","32","4","33",9.6,345.6,,"NEON.PLA.D09.DCFS.00191",,,"NEON.DOC.000987vE","ELCO","Elaeagnus commutata Bernh. ex Rydb.","species",,,,,,"jeldridge@neoninc.org","kcasillas@field-ops.org",
"6dc2ac5f-fdf6-4b76-9181-527c481b2897","DCFS_080.basePlot.vst","2015-09-10","vst_DCFS_2015","D09","DCFS","DCFS_080","41","1","41",2.9,51.5,,"NEON.PLA.D09.DCFS.00196",,,"NEON.DOC.000987vE","ELCO","Elaeagnus commutata Bernh. ex Rydb.","species",,,,,,"jeldridge@neoninc.org","kcasillas@field-ops.org",
"430d74db-aa2e-4901-83cf-b51c67d98b99","DCFS_080.basePlot.vst","2015-09-10","vst_DCFS_2015","D09","DCFS","DCFS_080","31",,"31",2.1,34.1,,"NEON.PLA.D09.DCFS.00178",,,"NEON.DOC.000987vE","ELCO","Elaeagnus commutata Bernh. ex Rydb.","species",,,,,,"jeldridge@neoninc.org","kcasillas@field-ops.org",
"100d8f6f-c744-40ed-a926-c2e07216e157","DCFS_080.basePlot.vst","2015-09-10","vst_DCFS_2015","D09","DCFS","DCFS_080","31","4","41",2.0,239.0,,"NEON.PLA.D09.DCFS.00183",,,"NEON.DOC.000987vE","ELCO","Elaeagnus commutata Bernh. ex Rydb.","species",,,,,,"jeldridge@neoninc.org","kcasillas@field-ops.org",
"31367d3b-94b5-4b52-977e-4a9991f365d3","DCFS_080.basePlot.vst","2015-09-10","vst_DCFS_2015","D09","DCFS","DCFS_080","32","4","33",9.4,355.6,,"NEON.PLA.D09.DCFS.00190",,,"NEON.DOC.000987vE","ELCO","Elaeagnus commutata Bernh. ex Rydb.","species",,,,,,"jeldridge@neoninc.org","kcasillas@field-ops.org",
"a179f14d-def0-4241-8d2e-d54f23849092","DCFS_080.basePlot.vst","2015-09-10","vst_DCFS_2015","D09","DCFS","DCFS_080","31","4","41",1.3,253.5,,"NEON.PLA.D09.DCFS.00182",,,"NEON.DOC.000987vE","ELCO","Elaeagnus commutata Bernh. ex Rydb.","species",,,,,,"jeldridge@neoninc.org","kcasillas@field-ops.org",
"963c2bf3-4dd2-421d-8a0c-0f4b5763d7cb","DCFS_080.basePlot.vst","2015-09-10","vst_DCFS_2015","D09","DCFS","DCFS_080","31","4","41",2.7,219.5,,"NEON.PLA.D09.DCFS.00184",,,"NEON.DOC.000987vE","ELCO","Elaeagnus commutata Bernh. ex Rydb.","species",,,,,,"jeldridge@neoninc.org","kcasillas@field-ops.org",
"96b35e2f-8f7b-4e9f-9f15-132ddefab703","DCFS_080.basePlot.vst","2015-09-10","vst_DCFS_2015","D09","DCFS","DCFS_080","41","4","51",2.9,192.4,,"NEON.PLA.D09.DCFS.00199",,,"NEON.DOC.000987vE","ELCO","Elaeagnus commutata Bernh. ex Rydb.","species",,,,,,"jeldridge@neoninc.org","kcasillas@field-ops.org",
"c3be7f3b-4246-4306-a484-364ea6977329","DCFS_080.basePlot.vst","2015-09-10","vst_DCFS_2015","D09","DCFS","DCFS_080","41","4","51",2.7,182.9,,"NEON.PLA.D09.DCFS.00198",,,"NEON.DOC.000987vE","ELCO","Elaeagnus commutata Bernh. ex Rydb.","species",,,,,,"jeldridge@neoninc.org","kcasillas@field-ops.org",
"cbfb9530-44e3-4b02-9c97-68e4921b8b14","DCFS_080.basePlot.vst","2015-09-10","vst_DCFS_2015","D09","DCFS","DCFS_080","31","1","31",3.3,91.2,,"NEON.PLA.D09.DCFS.00052",,,"NEON.DOC.000987vE","ELCO","Elaeagnus commutata Bernh. ex Rydb.","species",,,,,,"jeldridge@neoninc.org","kcasillas@field-ops.org",
"76d25a4e-14f8-44c0-8b3c-0fc3517391fd","DCFS_080.basePlot.vst","2015-09-10","vst_DCFS_2015","D09","DCFS","DCFS_080","32","2","33",1.3,287.9,,"NEON.PLA.D09.DCFS.00187",,,"NEON.DOC.000987vE","ELCO","Elaeagnus commutata Bernh. ex Rydb.","species",,,,,,"jeldridge@neoninc.org","kcasillas@field-ops.org",
"1ae3626f-12aa-481e-989b-6c59ec5bf72f","DCFS_080.basePlot.vst","2015-09-10","vst_DCFS_2015","D09","DCFS","DCFS_080","41","4","51",3.5,229.9,,"NEON.PLA.D09.DCFS.00200",,,"NEON.DOC.000987vE","ELCO","Elaeagnus commutata Bernh. ex Rydb.","species",,,,,,"jeldridge@neoninc.org","kcasillas@field-ops.org",
"94faebd6-584a-43db-b36a-3dcfe4048ce4","DCFS_080.basePlot.vst","2015-09-10","vst_DCFS_2015","D09","DCFS","DCFS_080","31","1","31",3.0,53.6,,"NEON.PLA.D09.DCFS.00180",,,"NEON.DOC.000987vE","ELCO","Elaeagnus commutata Bernh. ex Rydb.","species",,,,,,"jeldridge@neoninc.org","kcasillas@field-ops.org",
"4001dda9-cc1d-48d7-bb4c-394f6c5fb2a1","DCFS_080.basePlot.vst","2015-09-10","vst_DCFS_2015","D09","DCFS","DCFS_080","40","1","41",7.5,286.0,,"NEON.PLA.D09.DCFS.00193",,,"NEON.DOC.000987vE","ELCO","Elaeagnus commutata Bernh. ex Rydb.","species",,,,,,"jeldridge@neoninc.org","kcasillas@field-ops.org",
"9cb23bb5-4562-4dfb-9537-f9eed924a777","DCFS_080.basePlot.vst","2015-09-10","vst_DCFS_2015","D09","DCFS","DCFS_080","40","1","41",7.2,276.8,,"NEON.PLA.D09.DCFS.00194",,,"NEON.DOC.000987vE","ELCO","Elaeagnus commutata Bernh. ex Rydb.","species",,,,,,"jeldridge@neoninc.org","kcasillas@field-ops.org",
"ef1f759b-7ad1-4e49-85da-a3222e435997","DCFS_080.basePlot.vst","2015-09-10","vst_DCFS_2015","D09","DCFS","DCFS_080","41","4","51",1.7,244.0,,"NEON.PLA.D09.DCFS.00197",,,"NEON.DOC.000987vE","ELCO","Elaeagnus commutata Bernh. ex Rydb.","species",,,,,,"jeldridge@neoninc.org","kcasillas@field-ops.org",
"2444d5f0-eb4e-4ab8-a035-fa7dd913d2eb","DCFS_080.basePlot.vst","2015-09-10","vst_DCFS_2015","D09","DCFS","DCFS_080","41","4","51",2.7,219.2,,"NEON.PLA.D09.DCFS.00073",,,"NEON.DOC.000987vE","ELCO","Elaeagnus commutata Bernh. ex Rydb.","species",,,,,,"jeldridge@neoninc.org","kcasillas@field-ops.org",
"6b050a1b-cd75-4a6c-96c8-abd7e2b266c9","DCFS_080.basePlot.vst","2015-09-10","vst_DCFS_2015","D09","DCFS","DCFS_080","31","1","31",2.3,20.8,,"NEON.PLA.D09.DCFS.00179",,,"NEON.DOC.000987vE","ELCO","Elaeagnus commutata Bernh. ex Rydb.","species",,,,,,"jeldridge@neoninc.org","kcasillas@field-ops.org",
"4b4cfdd8-b608-433a-94cb-6e293ee606df","DCFS_080.basePlot.vst","2015-09-10","vst_DCFS_2015","D09","DCFS","DCFS_080","32","4","33",7.1,0.5,,"NEON.PLA.D09.DCFS.00189",,,"NEON.DOC.000987vE","ELCO","Elaeagnus commutata Bernh. ex Rydb.","species",,,,,,"jeldridge@neoninc.org","kcasillas@field-ops.org",
"244d8228-8acc-4db7-a7cc-717987e07ae2","DCFS_080.basePlot.vst","2015-09-10","vst_DCFS_2015","D09","DCFS","DCFS_080","31","4","41",2.6,271.2,,"NEON.PLA.D09.DCFS.00181",,,"NEON.DOC.000987vE","ELCO","Elaeagnus commutata Bernh. ex Rydb.","species",,,,,,"jeldridge@neoninc.org","kcasillas@field-ops.org",
"25c88303-3401-4e09-a426-c505946d0b43","DCFS_080.basePlot.vst","2015-09-10","vst_DCFS_2015","D09","DCFS","DCFS_080","40","1","41",9.0,274.2,,"NEON.PLA.D09.DCFS.00192",,,"NEON.DOC.000987vE","ELCO","Elaeagnus commutata Bernh. ex Rydb.","species",,,,,,"jeldridge@neoninc.org","kcasillas@field-ops.org",
"ede7312a-5712-498b-8432-7458cd40dc45","DCFS_080.basePlot.vst","2015-09-10","vst_DCFS_2015","D09","DCFS","DCFS_080","31","4","41",3.0,197.6,,"NEON.PLA.D09.DCFS.00186",,,"NEON.DOC.000987vE","ELCO","Elaeagnus commutata Bernh. ex Rydb.","species",,,,,,"jeldridge@neoninc.org","kcasillas@field-ops.org",
"e2505083-a045-44c3-821f-7ee8a8406f38","DCFS_079.basePlot.vst","2015-09-14","vst_DCFS_2015","D09","DCFS","DCFS_079","31","3","41",6.5,231.3,,"NEON.PLA.D09.DCFS.00074",,,"NEON.DOC.000987vE","CRCH","Crataegus chrysocarpa Ashe","species",,,,,,"jeldridge@neoninc.org","mlakey@field-ops.org",
"453d5f6b-a7c6-440f-8325-ca749e74a4aa","DCFS_079.basePlot.vst","2015-09-14","vst_DCFS_2015","D09","DCFS","DCFS_079","32","3","41",2.3,158.9,,"NEON.PLA.D09.DCFS.00080",,,"NEON.DOC.000987vE","CRCH","Crataegus chrysocarpa Ashe","species",,,,,,"jeldridge@neoninc.org","mlakey@field-ops.org",
"7ec7b645-c8bd-4fb0-8f1e-cb9a1fe19c4c","DCFS_077.basePlot.vst","2015-09-14","vst_DCFS_2015","D09","DCFS","DCFS_077","31","3","41",9.6,255.3,,"NEON.PLA.D09.DCFS.00087",,,"NEON.DOC.000987vE","ELCO","Elaeagnus commutata Bernh. ex Rydb.","species",,,,,,"jeldridge@neoninc.org","mlakey@field-ops.org",
"b33b3584-1daa-4003-a781-baa8d6af44c0","DCFS_077.basePlot.vst","2015-09-14","vst_DCFS_2015","D09","DCFS","DCFS_077","31","3","41",7.2,247.4,,"NEON.PLA.D09.DCFS.00085",,,"NEON.DOC.000987vE","ELCO","Elaeagnus commutata Bernh. ex Rydb.","species",,,,,,"jeldridge@neoninc.org","mlakey@field-ops.org",
"04bc8c6b-cdc2-4e93-91dd-3d019e844efc","DCFS_077.basePlot.vst","2015-09-14","vst_DCFS_2015","D09","DCFS","DCFS_077","41","2","41",5.8,77.1,,"NEON.PLA.D09.DCFS.00088",,,"NEON.DOC.000987vE","ELCO","Elaeagnus commutata Bernh. ex Rydb.","species",,,,,,"jeldridge@neoninc.org","mlakey@field-ops.org",
"59563c05-728f-4f08-84e5-46409688122a","DCFS_077.basePlot.vst","2015-09-14","vst_DCFS_2015","D09","DCFS","DCFS_077","31","3","41",7.4,257.1,,"NEON.PLA.D09.DCFS.00086",,,"NEON.DOC.000987vE","ELCO","Elaeagnus commutata Bernh. ex Rydb.","species",,,,,,"jeldridge@neoninc.org","mlakey@field-ops.org",
"79ad74c7-2656-4fe5-96a3-6eb0c39d2073","DCFS_077.basePlot.vst","2015-09-14","vst_DCFS_2015","D09","DCFS","DCFS_077","31","3","41",7.7,246.2,,"NEON.PLA.D09.DCFS.00084",,,"NEON.DOC.000987vE","ELCO","Elaeagnus commutata Bernh. ex Rydb.","species",,,,,,"jeldridge@neoninc.org","mlakey@field-ops.org",
"f24aa869-d4a9-453e-99a7-4a7695192929","DCFS_077.basePlot.vst","2015-09-14","vst_DCFS_2015","D09","DCFS","DCFS_077","31","1","41",9.1,231.0,,"NEON.PLA.D09.DCFS.00082",,,"NEON.DOC.000987vE","ELCO","Elaeagnus commutata Bernh. ex Rydb.","species",,,,,,"jeldridge@neoninc.org","mlakey@field-ops.org",
"34fa8494-df47-4ade-b1a3-1947a85bd811","DCFS_074.basePlot.vst","2015-09-14","vst_DCFS_2015","D09","DCFS","DCFS_074","41","1","51",10.5,215.0,,"NEON.PLA.D09.DCFS.00100",,,"NEON.DOC.000987vE","ELCO","Elaeagnus commutata Bernh. ex Rydb.","species",,,,,,"jeldridge@neoninc.org","mlakey@field-ops.org",
"c761a6eb-9049-437b-98cc-4b4d2d467dfc","DCFS_074.basePlot.vst","2015-09-14","vst_DCFS_2015","D09","DCFS","DCFS_074","31","1","31",3.6,83.8,,"NEON.PLA.D09.DCFS.00089",,,"NEON.DOC.000987vE","CRCH","Crataegus chrysocarpa Ashe","species",,,,,,"jeldridge@neoninc.org","mlakey@field-ops.org",
"6624235f-a878-4eb0-a525-f52efcf3394e","DCFS_074.basePlot.vst","2015-09-14","vst_DCFS_2015","D09","DCFS","DCFS_074","40","4","49",10.2,114.9,,"NEON.PLA.D09.DCFS.00202",,,"NEON.DOC.000987vE","ELCO","Elaeagnus commutata Bernh. ex Rydb.","species",,,,,,"jeldridge@neoninc.org","mlakey@field-ops.org",
"ed105997-25cc-4b36-84d8-248376627ce9","DCFS_074.basePlot.vst","2015-09-14","vst_DCFS_2015","D09","DCFS","DCFS_074","41","4","51",5.2,204.8,,"NEON.PLA.D09.DCFS.00099",,,"NEON.DOC.000987vE","ELCO","Elaeagnus commutata Bernh. ex Rydb.","species",,,,,,"jeldridge@neoninc.org","mlakey@field-ops.org",
"ede06b2e-81b2-4051-9bf1-25a31037f522","DCFS_074.basePlot.vst","2015-09-14","vst_DCFS_2015","D09","DCFS","DCFS_074","40","1","49",6.2,158.7,,"NEON.PLA.D09.DCFS.00205",,,"NEON.DOC.000987vE","ELCO","Elaeagnus commutata Bernh. ex Rydb.","species",,,,,,"jeldridge@neoninc.org","mlakey@field-ops.org",
"4afc652d-57ff-4bc4-b77f-c33a2fdeed41","DCFS_074.basePlot.vst","2015-09-14","vst_DCFS_2015","D09","DCFS","DCFS_074","41","1","51",9.0,234.5,,"NEON.PLA.D09.DCFS.00201",,,"NEON.DOC.000987vE","ELCO","Elaeagnus commutata Bernh. ex Rydb.","species",,,,,,"jeldridge@neoninc.org","mlakey@field-ops.org",
"179110d8-6c82-41a2-8d1a-d61fd7039ff2","DCFS_074.basePlot.vst","2015-09-14","vst_DCFS_2015","D09","DCFS","DCFS_074","31","2","31",9.4,85.3,,"NEON.PLA.D09.DCFS.00090",,,"NEON.DOC.000987vE","ELCO","Elaeagnus commutata Bernh. ex Rydb.","species",,,,,,"jeldridge@neoninc.org","mlakey@field-ops.org",
"c3f8c7b7-b1e2-4471-8590-16e07f471d30","DCFS_079.basePlot.vst","2015-09-14","vst_DCFS_2015","D09","DCFS","DCFS_079","31","3","41",6.5,228.6,,"NEON.PLA.D09.DCFS.00075",,,"NEON.DOC.000987vE","CRCH","Crataegus chrysocarpa Ashe","species",,,,,,"jeldridge@neoninc.org","mlakey@field-ops.org",
"1651570d-4063-4b0e-aca4-caa62765eca2","DCFS_077.basePlot.vst","2015-09-14","vst_DCFS_2015","D09","DCFS","DCFS_077","31","1","41",9.7,232.0,,"NEON.PLA.D09.DCFS.00081",,,"NEON.DOC.000987vE","ELCO","Elaeagnus commutata Bernh. ex Rydb.","species",,,,,,"jeldridge@neoninc.org","mlakey@field-ops.org",
"ede80efb-41c2-43eb-acbc-bf17e6818405","DCFS_074.basePlot.vst","2015-09-14","vst_DCFS_2015","D09","DCFS","DCFS_074","32","3","33",10.5,280.9,,"NEON.PLA.D09.DCFS.00094",,,"NEON.DOC.000987vE","ELCO","Elaeagnus commutata Bernh. ex Rydb.","species",,,,,,"jeldridge@neoninc.org","mlakey@field-ops.org",
"2e0f3245-913d-43f7-9257-b6b5c4466228","DCFS_079.basePlot.vst","2015-09-14","vst_DCFS_2015","D09","DCFS","DCFS_079","31","4","41",4.3,180.1,,"NEON.PLA.D09.DCFS.00079",,,"NEON.DOC.000987vE","CRCH","Crataegus chrysocarpa Ashe","species",,,,,,"jeldridge@neoninc.org","mlakey@field-ops.org",
"b9b2ae7f-d88d-400c-9177-b645fd789ef7","DCFS_074.basePlot.vst","2015-09-14","vst_DCFS_2015","D09","DCFS","DCFS_074","32","4","33",7.3,329.8,,"NEON.PLA.D09.DCFS.00095",,,"NEON.DOC.000987vE","ELCO","Elaeagnus commutata Bernh. ex Rydb.","species",,,,,,"jeldridge@neoninc.org","mlakey@field-ops.org",
"3a808050-c60f-407a-b580-59d0e0e23ec7","DCFS_074.basePlot.vst","2015-09-14","vst_DCFS_2015","D09","DCFS","DCFS_074","32","1","33",8.0,286.3,,"NEON.PLA.D09.DCFS.00092",,,"NEON.DOC.000987vE","ELCO","Elaeagnus commutata Bernh. ex Rydb.","species",,,,,,"jeldridge@neoninc.org","mlakey@field-ops.org",
"c498d599-4af2-4a0e-bbb0-e5e3ccee81a8","DCFS_074.basePlot.vst","2015-09-14","vst_DCFS_2015","D09","DCFS","DCFS_074","32","1","33",8.5,284.8,,"NEON.PLA.D09.DCFS.00091",,,"NEON.DOC.000987vE","ELCO","Elaeagnus commutata Bernh. ex Rydb.","species",,,,,,"jeldridge@neoninc.org","mlakey@field-ops.org",
"73b0f71a-cf02-4a52-a1e1-6733dcd3336a","DCFS_074.basePlot.vst","2015-09-14","vst_DCFS_2015","D09","DCFS","DCFS_074","40","3","49",2.2,151.8,,"NEON.PLA.D09.DCFS.00207",,,"NEON.DOC.000987vE","ELCO","Elaeagnus commutata Bernh. ex Rydb.","species",,,,,,"jeldridge@neoninc.org","mlakey@field-ops.org",
"4f2cea64-459b-4593-be32-fe8baf835dcc","DCFS_074.basePlot.vst","2015-09-14","vst_DCFS_2015","D09","DCFS","DCFS_074","41","2","51",5.4,197.9,,"NEON.PLA.D09.DCFS.00098",,,"NEON.DOC.000987vE","ELCO","Elaeagnus commutata Bernh. ex Rydb.","species",,,,,,"jeldridge@neoninc.org","mlakey@field-ops.org",
"7a4b05d7-b439-4cae-a588-d73a277678c3","DCFS_079.basePlot.vst","2015-09-14","vst_DCFS_2015","D09","DCFS","DCFS_079","40","1","41",6.7,273.3,,"NEON.PLA.D09.DCFS.00077",,,"NEON.DOC.000987vE","CRCH","Crataegus chrysocarpa Ashe","species",,,,,,"jeldridge@neoninc.org","mlakey@field-ops.org",
"e73fd50e-6c5c-48d6-b1f1-4c681290a3d0","DCFS_079.basePlot.vst","2015-09-14","vst_DCFS_2015","D09","DCFS","DCFS_079","31","3","41",6.7,229.2,,"NEON.PLA.D09.DCFS.00076",,,"NEON.DOC.000987vE","CRCH","Crataegus chrysocarpa Ashe","species",,,,,,"jeldridge@neoninc.org","mlakey@field-ops.org",
"65eae6da-7d1a-4b30-948c-8ac54123dbaf","DCFS_074.basePlot.vst","2015-09-14","vst_DCFS_2015","D09","DCFS","DCFS_074","32","4","33",8.6,351.6,,"NEON.PLA.D09.DCFS.00096",,,"NEON.DOC.000987vE","ELCO","Elaeagnus commutata Bernh. ex Rydb.","species",,,,,,"jeldridge@neoninc.org","mlakey@field-ops.org",
"da940247-098f-47a8-a003-2469b454ed1f","DCFS_074.basePlot.vst","2015-09-14","vst_DCFS_2015","D09","DCFS","DCFS_074","40","3","49",2.8,177.5,,"NEON.PLA.D09.DCFS.00206",,,"NEON.DOC.000987vE","ELCO","Elaeagnus commutata Bernh. ex Rydb.","species",,,,,,"jeldridge@neoninc.org","mlakey@field-ops.org",
"6231efcc-feef-4fca-be66-c1b831056f6f","DCFS_074.basePlot.vst","2015-09-14","vst_DCFS_2015","D09","DCFS","DCFS_074","32","4","33",8.4,358.2,,"NEON.PLA.D09.DCFS.00097",,,"NEON.DOC.000987vE","ELCO","Elaeagnus commutata Bernh. ex Rydb.","species",,,,,,"jeldridge@neoninc.org","mlakey@field-ops.org",
"519b0a80-05d6-475f-8e85-d3d45b5c077b","DCFS_074.basePlot.vst","2015-09-14","vst_DCFS_2015","D09","DCFS","DCFS_074","40","4","49",8.5,99.3,,"NEON.PLA.D09.DCFS.00203",,,"NEON.DOC.000987vE","ELCO","Elaeagnus commutata Bernh. ex Rydb.","species",,,,,,"jeldridge@neoninc.org","mlakey@field-ops.org",
"79941412-33a9-48fb-b063-d686333e3713","DCFS_074.basePlot.vst","2015-09-14","vst_DCFS_2015","D09","DCFS","DCFS_074","40","1","49",6.8,152.0,,"NEON.PLA.D09.DCFS.00204",,,"NEON.DOC.000987vE","ELCO","Elaeagnus commutata Bernh. ex Rydb.","species",,,,,,"jeldridge@neoninc.org","mlakey@field-ops.org",
"97269acb-8bcb-4805-96ad-4fe898ac4ee2","DCFS_074.basePlot.vst","2015-09-14","vst_DCFS_2015","D09","DCFS","DCFS_074","32","1","33",5.3,270.3,,"NEON.PLA.D09.DCFS.00093",,,"NEON.DOC.000987vE","ELCO","Elaeagnus commutata Bernh. ex Rydb.","species",,,,,,"jeldridge@neoninc.org","mlakey@field-ops.org",
"7d706aa0-18b5-4a63-afc6-fb7436c5648c","DCFS_077.basePlot.vst","2015-09-14","vst_DCFS_2015","D09","DCFS","DCFS_077","31","3","41",7.2,233.9,,"NEON.PLA.D09.DCFS.00083",,,"NEON.DOC.000987vE","ELCO","Elaeagnus commutata Bernh. ex Rydb.","species",,,,,,"jeldridge@neoninc.org","mlakey@field-ops.org",
"dc7e0d32-fb51-4427-8d3f-88ac1be23ad6","DCFS_079.basePlot.vst","2015-09-14","vst_DCFS_2015","D09","DCFS","DCFS_079","40","1","41",5.7,276.9,,"NEON.PLA.D09.DCFS.00078",,,"NEON.DOC.000987vE","CRCH","Crataegus chrysocarpa Ashe","species",,,,,,"jeldridge@neoninc.org","mlakey@field-ops.org",
"928cf4de-13cd-4e9c-863f-988f42cf4ffe","DCFS_088.basePlot.vst","2015-09-15","vst_DCFS_2015","D09","DCFS","DCFS_088","31","1","31",3.8,48.9,,"NEON.PLA.D09.DCFS.00238",,,"NEON.DOC.000987vE","ELCO","Elaeagnus commutata Bernh. ex Rydb.","species",,,,,,"mlakey@field-ops.org","jeldridge@neoninc.org",
"b4eb335b-6317-45eb-8292-de19c81a1330","DCFS_088.basePlot.vst","2015-09-15","vst_DCFS_2015","D09","DCFS","DCFS_088","41","1","41",5.6,54.6,,"NEON.PLA.D09.DCFS.00251",,,"NEON.DOC.000987vE","ELCO","Elaeagnus commutata Bernh. ex Rydb.","species",,,,,,"mlakey@field-ops.org","jeldridge@neoninc.org",
"d9f36110-f0a5-43b8-b1a4-29e169a0641c","DCFS_088.basePlot.vst","2015-09-15","vst_DCFS_2015","D09","DCFS","DCFS_088","31","4","31",8.9,37.0,,"NEON.PLA.D09.DCFS.00239",,,"NEON.DOC.000987vE","ELCO","Elaeagnus commutata Bernh. ex Rydb.","species",,,,,,"mlakey@field-ops.org","jeldridge@neoninc.org",
"381168c1-d89c-4ed3-93e2-bcb43f054a93","DCFS_088.basePlot.vst","2015-09-15","vst_DCFS_2015","D09","DCFS","DCFS_088","41","4","41",7.8,41.4,,"NEON.PLA.D09.DCFS.00255",,,"NEON.DOC.000987vE","ELCO","Elaeagnus commutata Bernh. ex Rydb.","species",,,,,,"mlakey@field-ops.org","jeldridge@neoninc.org",
"09a39bbd-1cab-490a-98bd-5a875cc16838","DCFS_088.basePlot.vst","2015-09-15","vst_DCFS_2015","D09","DCFS","DCFS_088","32","2","33",2.0,303.0,,"NEON.PLA.D09.DCFS.00242",,,"NEON.DOC.000987vE","ELCO","Elaeagnus commutata Bernh. ex Rydb.","species",,,,,,"mlakey@field-ops.org","jeldridge@neoninc.org",
"3124cf2e-2fad-47bc-a3de-62217ae3b5be","DCFS_088.basePlot.vst","2015-09-15","vst_DCFS_2015","D09","DCFS","DCFS_088","40","3","49",2.4,89.5,,"NEON.PLA.D09.DCFS.00264",,,"NEON.DOC.000987vE","ELCO","Elaeagnus commutata Bernh. ex Rydb.","species",,,,,,"mlakey@field-ops.org","jeldridge@neoninc.org",
"dc69e551-0baa-46b4-907e-a2b4a11863fe","DCFS_088.basePlot.vst","2015-09-15","vst_DCFS_2015","D09","DCFS","DCFS_088","40","3","49",6.2,140.9,,"NEON.PLA.D09.DCFS.00261",,,"NEON.DOC.000987vE","ELCO","Elaeagnus commutata Bernh. ex Rydb.","species",,,,,,"mlakey@field-ops.org","jeldridge@neoninc.org",
"308e3946-2d7d-4617-8d7c-126f6643b06b","DCFS_088.basePlot.vst","2015-09-15","vst_DCFS_2015","D09","DCFS","DCFS_088","31","1","31",2.3,48.5,,"NEON.PLA.D09.DCFS.00237",,,"NEON.DOC.000987vE","ELCO","Elaeagnus commutata Bernh. ex Rydb.","species",,,,,,"mlakey@field-ops.org","jeldridge@neoninc.org",
"937734f2-1b10-468c-9be5-72cb0fc1d975","DCFS_088.basePlot.vst","2015-09-15","vst_DCFS_2015","D09","DCFS","DCFS_088","41","1","41",5.2,30.1,,"NEON.PLA.D09.DCFS.00254",,,"NEON.DOC.000987vE","ELCO","Elaeagnus commutata Bernh. ex Rydb.","species",,,,,,"mlakey@field-ops.org","jeldridge@neoninc.org",
"71916db4-f5ac-435c-b336-d6bafbf0f0f6","DCFS_088.basePlot.vst","2015-09-15","vst_DCFS_2015","D09","DCFS","DCFS_088","41","4","41",9.5,48.2,,"NEON.PLA.D09.DCFS.00260",,,"NEON.DOC.000987vE","ELCO","Elaeagnus commutata Bernh. ex Rydb.","species",,,,,,"mlakey@field-ops.org","jeldridge@neoninc.org",
"895c0b6d-a807-44a3-8d0f-8827c57adb67","DCFS_088.basePlot.vst","2015-09-15","vst_DCFS_2015","D09","DCFS","DCFS_088","41","1","41",4.3,62.7,,"NEON.PLA.D09.DCFS.00250",,,"NEON.DOC.000987vE","ELCO","Elaeagnus commutata Bernh. ex Rydb.","species",,,,,,"mlakey@field-ops.org","jeldridge@neoninc.org",
"3cb4e128-0fcd-42c1-8900-e6194e6e751c","DCFS_088.basePlot.vst","2015-09-15","vst_DCFS_2015","D09","DCFS","DCFS_088","41","1","41",2.4,71.4,,"NEON.PLA.D09.DCFS.00249",,,"NEON.DOC.000987vE","ELCO","Elaeagnus commutata Bernh. ex Rydb.","species",,,,,,"mlakey@field-ops.org","jeldridge@neoninc.org",
"70e229d8-6922-4ebe-bf5d-d41a61dbaab6","DCFS_071.basePlot.vst","2015-09-15","vst_DCFS_2015","D09","DCFS","DCFS_071","41","4","51",1.1,244.0,,"NEON.PLA.D09.DCFS.00008",,,"NEON.DOC.000987vE","CRCH","Crataegus chrysocarpa Ashe","species",,,,,,"mlakey@field-ops.org","jeldridge@neoninc.org",
"00de4a3d-0a30-4cbb-891a-7f930e487e94","DCFS_071.basePlot.vst","2015-09-15","vst_DCFS_2015","D09","DCFS","DCFS_071","31","1","31",2.8,26.0,,"NEON.PLA.D09.DCFS.00002",,,"NEON.DOC.000987vE","ELCO","Elaeagnus commutata Bernh. ex Rydb.","species",,,,,"measured at 9 cm due to split","mlakey@field-ops.org","jeldridge@neoninc.org",
"12ba8bd9-4ebf-42ee-bb73-5796b63f0939","DCFS_071.basePlot.vst","2015-09-15","vst_DCFS_2015","D09","DCFS","DCFS_071","40","1","49",8.3,174.0,,"NEON.PLA.D09.DCFS.00005",,,"NEON.DOC.000987vE","ELCO","Elaeagnus commutata Bernh. ex Rydb.","species",,,,,,"mlakey@field-ops.org","jeldridge@neoninc.org",
"4801c88c-f3a0-4535-b5c6-96d986950b0d","DCFS_071.basePlot.vst","2015-09-15","vst_DCFS_2015","D09","DCFS","DCFS_071","40","1","49",5.4,178.0,,"NEON.PLA.D09.DCFS.00004",,,"NEON.DOC.000987vE","ELCO","Elaeagnus commutata Bernh. ex Rydb.","species",,,,,,"mlakey@field-ops.org","jeldridge@neoninc.org",
"08578368-440d-4394-88d4-6c75540c86ed","DCFS_088.basePlot.vst","2015-09-15","vst_DCFS_2015","D09","DCFS","DCFS_088","41","1","41",5.3,37.6,,"NEON.PLA.D09.DCFS.00252",,,"NEON.DOC.000987vE","ELCO","Elaeagnus commutata Bernh. ex Rydb.","species",,,,,,"mlakey@field-ops.org","jeldridge@neoninc.org",
"10d2c71b-3f9d-42ab-9bcb-9ed2ff61fed1","DCFS_071.basePlot.vst","2015-09-15","vst_DCFS_2015","D09","DCFS","DCFS_071","41","4","51",0.8,250.0,,"NEON.PLA.D09.DCFS.00010",,,"NEON.DOC.000987vE","CRCH","Crataegus chrysocarpa Ashe","species",,,,,,"mlakey@field-ops.org","jeldridge@neoninc.org",
"dcdcaa81-76b2-47da-bffd-ca1daceab633","DCFS_071.basePlot.vst","2015-09-15","vst_DCFS_2015","D09","DCFS","DCFS_071","31","3","31",8.9,24.0,,"NEON.PLA.D09.DCFS.00003",,,"NEON.DOC.000987vE","ELCO","Elaeagnus commutata Bernh. ex Rydb.","species",,,,,,"mlakey@field-ops.org","jeldridge@neoninc.org",
"571c4012-ae23-4738-9329-8d945681dc4e","DCFS_071.basePlot.vst","2015-09-15","vst_DCFS_2015","D09","DCFS","DCFS_071","41","4","51",1.4,236.0,,"NEON.PLA.D09.DCFS.00007",,,"NEON.DOC.000987vE","CRCH","Crataegus chrysocarpa Ashe","species",,,,,,"mlakey@field-ops.org","jeldridge@neoninc.org",
"6c31492b-763f-4adc-89fc-7bc464304e9d","DCFS_088.basePlot.vst","2015-09-15","vst_DCFS_2015","D09","DCFS","DCFS_088","31","4","31",9.9,42.8,,"NEON.PLA.D09.DCFS.00241",,,"NEON.DOC.000987vE","ELCO","Elaeagnus commutata Bernh. ex Rydb.","species",,,,,,"mlakey@field-ops.org","jeldridge@neoninc.org",
"e6b33dd5-25ca-43e0-9931-cda149397fbb","DCFS_088.basePlot.vst","2015-09-15","vst_DCFS_2015","D09","DCFS","DCFS_088","31","4","31",9.8,35.7,,"NEON.PLA.D09.DCFS.00240",,,"NEON.DOC.000987vE","ELCO","Elaeagnus commutata Bernh. ex Rydb.","species",,,,,,"mlakey@field-ops.org","jeldridge@neoninc.org",
"3a17c7bc-3dad-4969-a74b-18aa445df245","DCFS_088.basePlot.vst","2015-09-15","vst_DCFS_2015","D09","DCFS","DCFS_088","40","3","49",2.1,154.1,,"NEON.PLA.D09.DCFS.00265",,,"NEON.DOC.000987vE","ELCO","Elaeagnus commutata Bernh. ex Rydb.","species",,,,,,"mlakey@field-ops.org","jeldridge@neoninc.org",
"45e2ab13-08b0-45f1-b450-d2c9222917ec","DCFS_088.basePlot.vst","2015-09-15","vst_DCFS_2015","D09","DCFS","DCFS_088","41","4","41",8.0,48.7,,"NEON.PLA.D09.DCFS.00258",,,"NEON.DOC.000987vE","ELCO","Elaeagnus commutata Bernh. ex Rydb.","species",,,,,,"mlakey@field-ops.org","jeldridge@neoninc.org",
"9c7f0061-4ab6-406b-b268-9a83e9ac9bd1","DCFS_088.basePlot.vst","2015-09-15","vst_DCFS_2015","D09","DCFS","DCFS_088","32","2","33",3.2,342.9,,"NEON.PLA.D09.DCFS.00246",,,"NEON.DOC.000987vE","ELCO","Elaeagnus commutata Bernh. ex Rydb.","species",,,,,,"mlakey@field-ops.org","jeldridge@neoninc.org",
"c4eaded7-b2f5-4739-b7f3-0d6c878d4707","DCFS_088.basePlot.vst","2015-09-15","vst_DCFS_2015","D09","DCFS","DCFS_088","41","1","41",5.1,33.1,,"NEON.PLA.D09.DCFS.00253",,,"NEON.DOC.000987vE","ELCO","Elaeagnus commutata Bernh. ex Rydb.","species",,,,,,"mlakey@field-ops.org","jeldridge@neoninc.org",
"66e7c18b-479a-40a8-9b04-59244a3fba22","DCFS_088.basePlot.vst","2015-09-15","vst_DCFS_2015","D09","DCFS","DCFS_088","32","4","33",5.8,354.2,,"NEON.PLA.D09.DCFS.00247",,,"NEON.DOC.000987vE","ELCO","Elaeagnus commutata Bernh. ex Rydb.","species",,,,,,"mlakey@field-ops.org","jeldridge@neoninc.org",
"f3846a1a-1ae2-4f52-84bc-fa6aa5938d5a","DCFS_088.basePlot.vst","2015-09-15","vst_DCFS_2015","D09","DCFS","DCFS_088","32","4","33",7.3,316.4,,"NEON.PLA.D09.DCFS.00243",,,"NEON.DOC.000987vE","ELCO","Elaeagnus commutata Bernh. ex Rydb.","species",,,,,,"mlakey@field-ops.org","jeldridge@neoninc.org",
"2d995459-5074-45f2-aa09-5498ad51d291","DCFS_088.basePlot.vst","2015-09-15","vst_DCFS_2015","D09","DCFS","DCFS_088","32","2","33",5.5,336.5,,"NEON.PLA.D09.DCFS.00245",,,"NEON.DOC.000987vE","CRCH","Crataegus chrysocarpa Ashe","species",,,,,,"mlakey@field-ops.org","jeldridge@neoninc.org",
"660e2b02-a74d-41d2-86fa-80919c532963","DCFS_088.basePlot.vst","2015-09-15","vst_DCFS_2015","D09","DCFS","DCFS_088","41","4","41",8.2,38.6,,"NEON.PLA.D09.DCFS.00257",,,"NEON.DOC.000987vE","PRVI","Prunus virginiana L.","species",,,,"cf. species",,"mlakey@field-ops.org","jeldridge@neoninc.org",
"3710fdf8-785b-4cc1-bda6-b82a184beb83","DCFS_088.basePlot.vst","2015-09-15","vst_DCFS_2015","D09","DCFS","DCFS_088","32","4","33",6.7,337.2,,"NEON.PLA.D09.DCFS.00244",,,"NEON.DOC.000987vE","ELCO","Elaeagnus commutata Bernh. ex Rydb.","species",,,,,,"mlakey@field-ops.org","jeldridge@neoninc.org",
"c52a0628-1aab-4886-8fa7-13d81a7289d7","DCFS_088.basePlot.vst","2015-09-15","vst_DCFS_2015","D09","DCFS","DCFS_088","41","4","41",8.1,41.6,,"NEON.PLA.D09.DCFS.00256",,,"NEON.DOC.000987vE","PRVI","Prunus virginiana L.","species",,,,"cf. species",,"mlakey@field-ops.org","jeldridge@neoninc.org",
"ff21292f-dc1e-48af-958a-7be79e08d8e3","DCFS_088.basePlot.vst","2015-09-15","vst_DCFS_2015","D09","DCFS","DCFS_088","40","3","49",4.8,98.7,,"NEON.PLA.D09.DCFS.00262",,,"NEON.DOC.000987vE","CRCH","Crataegus chrysocarpa Ashe","species",,,,,,"mlakey@field-ops.org","jeldridge@neoninc.org",
"14a13866-a735-4312-a72f-0522401a036f","DCFS_071.basePlot.vst","2015-09-15","vst_DCFS_2015","D09","DCFS","DCFS_071","40","1","49",9.1,160.0,,"NEON.PLA.D09.DCFS.00006",,,"NEON.DOC.000987vE","ELCO","Elaeagnus commutata Bernh. ex Rydb.","species",,,,,,"mlakey@field-ops.org","jeldridge@neoninc.org",
"a9fd57cd-42a9-4fba-9008-3d9a65740230","DCFS_071.basePlot.vst","2015-09-15","vst_DCFS_2015","D09","DCFS","DCFS_071","31","1","31",1.1,72.0,,"NEON.PLA.D09.DCFS.00001",,,"NEON.DOC.000987vE","ELCO","Elaeagnus commutata Bernh. ex Rydb.","species",,,,,,"mlakey@field-ops.org","jeldridge@neoninc.org",
"68868d74-b697-49ba-b0fe-0a945696e596","DCFS_088.basePlot.vst","2015-09-15","vst_DCFS_2015","D09","DCFS","DCFS_088","41","1","41",1.5,68.4,,"NEON.PLA.D09.DCFS.00248",,,"NEON.DOC.000987vE","ELCO","Elaeagnus commutata Bernh. ex Rydb.","species",,,,,,"mlakey@field-ops.org","jeldridge@neoninc.org",
"e3ab7dfe-cef2-4429-a2df-6065d1eb7945","DCFS_088.basePlot.vst","2015-09-15","vst_DCFS_2015","D09","DCFS","DCFS_088","41","4","41",9.1,51.5,,"NEON.PLA.D09.DCFS.00259",,,"NEON.DOC.000987vE","ELCO","Elaeagnus commutata Bernh. ex Rydb.","species",,,,,,"mlakey@field-ops.org","jeldridge@neoninc.org",
"076863a1-9ba5-4af5-b200-78c82f5619f6","DCFS_071.basePlot.vst","2015-09-15","vst_DCFS_2015","D09","DCFS","DCFS_071","41","4","51",1.0,240.0,,"NEON.PLA.D09.DCFS.00009",,,"NEON.DOC.000987vE","CRCH","Crataegus chrysocarpa Ashe","species",,,,,,"mlakey@field-ops.org","jeldridge@neoninc.org",
"4ca8e84c-3be2-48a8-8ad4-381256011a0a","DCFS_088.basePlot.vst","2015-09-15","vst_DCFS_2015","D09","DCFS","DCFS_088","40","3","49",2.8,108.5,,"NEON.PLA.D09.DCFS.00263",,,"NEON.DOC.000987vE","ELCO","Elaeagnus commutata Bernh. ex Rydb.","species",,,,,,"mlakey@field-ops.org","jeldridge@neoninc.org",
"a53ab64e-ad57-407b-83a9-eeec2c7a4a61","DCFS_081.basePlot.vst","2015-09-24","vst_DCFS_2015","D09","DCFS","DCFS_081","31","4","41",2.0,224.1,,"NEON.PLA.D09.DCFS.00161",,,"NEON.DOC.000987vE","CRCH","Crataegus chrysocarpa Ashe","species",,,,,,"jeldridge@neoninc.org","kcox@field-ops.org",
"e3b0b74b-d168-4611-b8e7-2e8ec171d7d7","DCFS_081.basePlot.vst","2015-09-24","vst_DCFS_2015","D09","DCFS","DCFS_081","40","4","41",6.9,334.5,,"NEON.PLA.D09.DCFS.00173",,,"NEON.DOC.000987vE","CRCH","Crataegus chrysocarpa Ashe","species",,,,,,"jeldridge@neoninc.org","kcox@field-ops.org",
"af9cea15-87e7-400b-b0e0-cd1de6f23ea3","DCFS_078.basePlot.vst","2015-09-24","vst_DCFS_2015","D09","DCFS","DCFS_078","31","2","31",7.8,84.4,,"NEON.PLA.D09.DCFS.00210",,,"NEON.DOC.000987vE","ELCO","Elaeagnus commutata Bernh. ex Rydb.","species",,,,,,"jeldridge@neoninc.org","mlakey@field-ops.org",
"22319bb9-c068-4a22-8aee-f48411a05a8f","DCFS_081.basePlot.vst","2015-09-24","vst_DCFS_2015","D09","DCFS","DCFS_081","40","2","41",6.0,308.8,,"NEON.PLA.D09.DCFS.00170",,,"NEON.DOC.000987vE","CRCH","Crataegus chrysocarpa Ashe","species",,,,,,"jeldridge@neoninc.org","kcox@field-ops.org",
"13ff846f-b533-48c2-bd42-8b8fb55e3e24","DCFS_081.basePlot.vst","2015-09-24","vst_DCFS_2015","D09","DCFS","DCFS_081","31","4","41",2.9,266.1,,"NEON.PLA.D09.DCFS.00162",,,"NEON.DOC.000987vE","CRCH","Crataegus chrysocarpa Ashe","species",,,,,,"jeldridge@neoninc.org","kcox@field-ops.org",
"dafe783e-38f9-418f-9a69-4e5133465bf1","DCFS_081.basePlot.vst","2015-09-24","vst_DCFS_2015","D09","DCFS","DCFS_081","40","4","41",8.7,343.3,,"NEON.PLA.D09.DCFS.00176",,,"NEON.DOC.000987vE","CRCH","Crataegus chrysocarpa Ashe","species",,,,,,"jeldridge@neoninc.org","kcox@field-ops.org",
"b2dd00b8-6b81-4a0f-87f2-4134cb5e1c0c","DCFS_078.basePlot.vst","2015-09-24","vst_DCFS_2015","D09","DCFS","DCFS_078","31","3","31",8.0,13.4,,"NEON.PLA.D09.DCFS.00233",,,"NEON.DOC.000987vE","ELCO","Elaeagnus commutata Bernh. ex Rydb.","species",,,,,,"jeldridge@neoninc.org","mlakey@field-ops.org",
"e3182530-fab7-4128-8b8c-d497c06a4b40","DCFS_078.basePlot.vst","2015-09-24","vst_DCFS_2015","D09","DCFS","DCFS_078","32","2","33",1.9,337.5,,"NEON.PLA.D09.DCFS.00208",,,"NEON.DOC.000987vE","SYOC","Symphoricarpos occidentalis Hook.","species",,,,,,"jeldridge@neoninc.org","mlakey@field-ops.org",
"530bf960-8243-4d17-81c3-917c513d7c25","DCFS_078.basePlot.vst","2015-09-24","vst_DCFS_2015","D09","DCFS","DCFS_078","41","3","49",10.2,99.2,,"NEON.PLA.D09.DCFS.00235",,,"NEON.DOC.000987vE","CRCH","Crataegus chrysocarpa Ashe","species",,,,,,"jeldridge@neoninc.org","mlakey@field-ops.org",
"45521a5e-9fca-4e2a-afbd-582b4b49c36d","DCFS_078.basePlot.vst","2015-09-24","vst_DCFS_2015","D09","DCFS","DCFS_078","31","1","31",2.9,71.1,,"NEON.PLA.D09.DCFS.00218",,,"NEON.DOC.000987vE","CRCH","Crataegus chrysocarpa Ashe","species",,,,,,"jeldridge@neoninc.org","mlakey@field-ops.org",
"ed51a151-4e99-408e-98db-719d70996f57","DCFS_081.basePlot.vst","2015-09-24","vst_DCFS_2015","D09","DCFS","DCFS_081","40","4","41",6.9,333.3,,"NEON.PLA.D09.DCFS.00172",,,"NEON.DOC.000987vE","CRCH","Crataegus chrysocarpa Ashe","species",,,,,,"jeldridge@neoninc.org","kcox@field-ops.org",
"56cbac93-9486-4660-a64b-98fc0ec00c70","DCFS_078.basePlot.vst","2015-09-24","vst_DCFS_2015","D09","DCFS","DCFS_078","31","1","31",2.9,359.9,,"NEON.PLA.D09.DCFS.00221",,,"NEON.DOC.000987vE","ELCO","Elaeagnus commutata Bernh. ex Rydb.","species",,,,,,"jeldridge@neoninc.org","mlakey@field-ops.org",
"9ef352dc-fc63-45d6-96a1-2fbf9edf74ec","DCFS_081.basePlot.vst","2015-09-24","vst_DCFS_2015","D09","DCFS","DCFS_081","40","2","41",5.9,325.0,,"NEON.PLA.D09.DCFS.00171",,,"NEON.DOC.000987vE","CRCH","Crataegus chrysocarpa Ashe","species",,,,,,"jeldridge@neoninc.org","kcox@field-ops.org",
"a5f61ad7-2874-49c9-a212-9a37a02f6e7e","DCFS_078.basePlot.vst","2015-09-24","vst_DCFS_2015","D09","DCFS","DCFS_078","40","1","31",10.0,2.3,,"NEON.PLA.D09.DCFS.00234",,,"NEON.DOC.000987vE","ELCO","Elaeagnus commutata Bernh. ex Rydb.","species",,,,,,"jeldridge@neoninc.org","mlakey@field-ops.org",
"e258cd1e-a090-46e3-84c1-687633d31267","DCFS_081.basePlot.vst","2015-09-24","vst_DCFS_2015","D09","DCFS","DCFS_081","40","2","41",3.6,319.4,,"NEON.PLA.D09.DCFS.00166",,,"NEON.DOC.000987vE","CRCH","Crataegus chrysocarpa Ashe","species",,,,,,"jeldridge@neoninc.org","kcox@field-ops.org",
"3730f101-22d4-4dc3-b112-2dbc3d76a862","DCFS_078.basePlot.vst","2015-09-24","vst_DCFS_2015","D09","DCFS","DCFS_078","31","3","31",8.7,8.6,,"NEON.PLA.D09.DCFS.00232",,,"NEON.DOC.000987vE","ELCO","Elaeagnus commutata Bernh. ex Rydb.","species",,,,,,"jeldridge@neoninc.org","mlakey@field-ops.org",
"92b0cd44-8563-477e-b48b-a5cb6dc26190","DCFS_081.basePlot.vst","2015-09-24","vst_DCFS_2015","D09","DCFS","DCFS_081","31","4","41",4.0,268.4,,"NEON.PLA.D09.DCFS.00163",,,"NEON.DOC.000987vE","CRCH","Crataegus chrysocarpa Ashe","species",,,,,,"jeldridge@neoninc.org","kcox@field-ops.org",
"b72b2678-9aa9-4471-b8f1-32ae66c99d94","DCFS_078.basePlot.vst","2015-09-24","vst_DCFS_2015","D09","DCFS","DCFS_078","31","2","31",7.0,52.4,,"NEON.PLA.D09.DCFS.00215",,,"NEON.DOC.000987vE","CRCH","Crataegus chrysocarpa Ashe","species",,,,,,"jeldridge@neoninc.org","mlakey@field-ops.org",
"2cfa0ff1-6795-48be-8919-4c63a3e8e671","DCFS_081.basePlot.vst","2015-09-24","vst_DCFS_2015","D09","DCFS","DCFS_081","40","2","41",2.7,275.0,,"NEON.PLA.D09.DCFS.00164",,,"NEON.DOC.000987vE","CRCH","Crataegus chrysocarpa Ashe","species",,,,,,"jeldridge@neoninc.org","kcox@field-ops.org",
"84aaac45-8478-4218-8a4b-1cf6668562c0","DCFS_078.basePlot.vst","2015-09-24","vst_DCFS_2015","D09","DCFS","DCFS_078","31","2","31",7.6,59.8,,"NEON.PLA.D09.DCFS.00211",,,"NEON.DOC.000987vE","CRCH","Crataegus chrysocarpa Ashe","species",,,,,"Multiples stems branch off at ~15 cm, 6 stems with DBH >1cm. Calling it SIS rather than SMT for this reason. See photos 902-903.","jeldridge@neoninc.org","mlakey@field-ops.org",
"9414d9ab-7973-4017-90ac-c31feb5f6601","DCFS_081.basePlot.vst","2015-09-24","vst_DCFS_2015","D09","DCFS","DCFS_081","40","4","41",6.6,342.7,,"NEON.PLA.D09.DCFS.00175",,,"NEON.DOC.000987vE","CRCH","Crataegus chrysocarpa Ashe","species",,,,,,"jeldridge@neoninc.org","kcox@field-ops.org",
"2d8c0d18-da19-48b9-b17f-ffb6668748d9","DCFS_081.basePlot.vst","2015-09-24","vst_DCFS_2015","D09","DCFS","DCFS_081","40","2","41",4.0,305.9,,"NEON.PLA.D09.DCFS.00165",,,"NEON.DOC.000987vE","CRCH","Crataegus chrysocarpa Ashe","species",,,,,,"jeldridge@neoninc.org","kcox@field-ops.org",
"13f68a13-e306-415f-adb4-869cfa4d257e","DCFS_081.basePlot.vst","2015-09-24","vst_DCFS_2015","D09","DCFS","DCFS_081","40","2","41",3.2,330.6,,"NEON.PLA.D09.DCFS.00168",,,"NEON.DOC.000987vE","CRCH","Crataegus chrysocarpa Ashe","species",,,,,,"jeldridge@neoninc.org","kcox@field-ops.org",
"820a569c-fa0c-4757-85f0-c4182a1a81fc","DCFS_078.basePlot.vst","2015-09-24","vst_DCFS_2015","D09","DCFS","DCFS_078","31","3","31",7.5,2.3,,"NEON.PLA.D09.DCFS.00229",,,"NEON.DOC.000987vE","ELCO","Elaeagnus commutata Bernh. ex Rydb.","species",,,,,,"jeldridge@neoninc.org","mlakey@field-ops.org",
"e86ff608-6bcb-4b80-8a87-152a32fa9bce","DCFS_078.basePlot.vst","2015-09-24","vst_DCFS_2015","D09","DCFS","DCFS_078","31","1","31",0.3,58.8,,"NEON.PLA.D09.DCFS.00216",,,"NEON.DOC.000987vE","CRCH","Crataegus chrysocarpa Ashe","species",,,,,,"jeldridge@neoninc.org","mlakey@field-ops.org",
"433c52bb-1be7-4735-a53b-7cea4c703806","DCFS_078.basePlot.vst","2015-09-24","vst_DCFS_2015","D09","DCFS","DCFS_078","31","3","31",7.0,1.8,,"NEON.PLA.D09.DCFS.00227",,,"NEON.DOC.000987vE","ELCO","Elaeagnus commutata Bernh. ex Rydb.","species",,,,,,"jeldridge@neoninc.org","mlakey@field-ops.org",
"2956270f-070b-43b6-b836-ac4399b05c99","DCFS_078.basePlot.vst","2015-09-24","vst_DCFS_2015","D09","DCFS","DCFS_078","31","4","31",8.7,47.3,,"NEON.PLA.D09.DCFS.00212",,,"NEON.DOC.000987vE","CRCH","Crataegus chrysocarpa Ashe","species",,,,,,"jeldridge@neoninc.org","mlakey@field-ops.org",
"642e5327-6a2f-47e9-a4f0-9ac8b1586ced","DCFS_078.basePlot.vst","2015-09-24","vst_DCFS_2015","D09","DCFS","DCFS_078","31","3","31",8.0,3.3,,"NEON.PLA.D09.DCFS.00231",,,"NEON.DOC.000987vE","ELCO","Elaeagnus commutata Bernh. ex Rydb.","species",,,,,,"jeldridge@neoninc.org","mlakey@field-ops.org",
"9992e3b3-4aa2-4d70-a460-8afb34926d52","DCFS_078.basePlot.vst","2015-09-24","vst_DCFS_2015","D09","DCFS","DCFS_078","31","3","31",5.5,22.4,,"NEON.PLA.D09.DCFS.00223",,,"NEON.DOC.000987vE","ELCO","Elaeagnus commutata Bernh. ex Rydb.","species",,,,,,"jeldridge@neoninc.org","mlakey@field-ops.org",
"706fe9a8-afdc-4589-bc0d-cb368c885437","DCFS_078.basePlot.vst","2015-09-24","vst_DCFS_2015","D09","DCFS","DCFS_078","31","3","31",7.0,4.3,,"NEON.PLA.D09.DCFS.00226",,,"NEON.DOC.000987vE","ELCO","Elaeagnus commutata Bernh. ex Rydb.","species",,,,,,"jeldridge@neoninc.org","mlakey@field-ops.org",
"ba6bfca2-e162-4c09-9d61-c62597f66f5b","DCFS_078.basePlot.vst","2015-09-24","vst_DCFS_2015","D09","DCFS","DCFS_078","31","3","31",7.8,1.5,,"NEON.PLA.D09.DCFS.00230",,,"NEON.DOC.000987vE","ELCO","Elaeagnus commutata Bernh. ex Rydb.","species",,,,,,"jeldridge@neoninc.org","mlakey@field-ops.org",
"4973f249-07f6-4d5d-86c5-0d76d437f343","DCFS_078.basePlot.vst","2015-09-24","vst_DCFS_2015","D09","DCFS","DCFS_078","31","3","31",7.3,16.6,,"NEON.PLA.D09.DCFS.00225",,,"NEON.DOC.000987vE","ELCO","Elaeagnus commutata Bernh. ex Rydb.","species",,,,,,"jeldridge@neoninc.org","mlakey@field-ops.org",
"4a16cfbd-9df9-44e4-8339-e9717bc3f3be","DCFS_078.basePlot.vst","2015-09-24","vst_DCFS_2015","D09","DCFS","DCFS_078","32","3","33",9.4,301.4,,"NEON.PLA.D09.DCFS.00209",,,"NEON.DOC.000987vE","ELCO","Elaeagnus commutata Bernh. ex Rydb.","species",,,,,,"jeldridge@neoninc.org","mlakey@field-ops.org",
"8b3d6861-6f7b-42fd-9af9-cf5a9fc6eb98","DCFS_078.basePlot.vst","2015-09-24","vst_DCFS_2015","D09","DCFS","DCFS_078","31","4","31",7.8,50.9,,"NEON.PLA.D09.DCFS.00213",,,"NEON.DOC.000987vE","CRCH","Crataegus chrysocarpa Ashe","species",,,,,,"jeldridge@neoninc.org","mlakey@field-ops.org",
"ed7a9aa1-0cb0-41cf-939c-0409b691dee0","DCFS_081.basePlot.vst","2015-09-24","vst_DCFS_2015","D09","DCFS","DCFS_081","40","2","41",3.2,323.6,,"NEON.PLA.D09.DCFS.00167",,,"NEON.DOC.000987vE","CRCH","Crataegus chrysocarpa Ashe","species",,,,,,"jeldridge@neoninc.org","kcox@field-ops.org",
"1df39740-2cf8-4dbf-b25f-bc329276e5da","DCFS_078.basePlot.vst","2015-09-24","vst_DCFS_2015","D09","DCFS","DCFS_078","31","3","31",7.1,16.5,,"NEON.PLA.D09.DCFS.00224",,,"NEON.DOC.000987vE","ELCO","Elaeagnus commutata Bernh. ex Rydb.","species",,,,,,"jeldridge@neoninc.org","mlakey@field-ops.org",
"3947919a-6caf-4ddf-9a96-7765b8223859","DCFS_081.basePlot.vst","2015-09-24","vst_DCFS_2015","D09","DCFS","DCFS_081","40","4","41",6.6,331.6,,"NEON.PLA.D09.DCFS.00174",,,"NEON.DOC.000987vE","CRCH","Crataegus chrysocarpa Ashe","species",,,,,,"jeldridge@neoninc.org","kcox@field-ops.org",
"fb17d266-98fc-429d-916c-49f600fe0bfd","DCFS_081.basePlot.vst","2015-09-24","vst_DCFS_2015","D09","DCFS","DCFS_081","40","2","41",5.5,309.3,,"NEON.PLA.D09.DCFS.00169",,,"NEON.DOC.000987vE","CRCH","Crataegus chrysocarpa Ashe","species",,,,,,"jeldridge@neoninc.org","kcox@field-ops.org",
"eba94b81-c439-4690-a666-a8b4f6dee143","DCFS_081.basePlot.vst","2015-09-24","vst_DCFS_2015","D09","DCFS","DCFS_081","41","1","41",5.2,61.9,,"NEON.PLA.D09.DCFS.00177",,,"NEON.DOC.000987vE","CRCH","Crataegus chrysocarpa Ashe","species",,,,,,"jeldridge@neoninc.org","kcox@field-ops.org",
"90c412bc-86e8-40a0-be7e-41280395023f","DCFS_078.basePlot.vst","2015-09-24","vst_DCFS_2015","D09","DCFS","DCFS_078","31","3","31",7.2,2.0,,"NEON.PLA.D09.DCFS.00228",,,"NEON.DOC.000987vE","ELCO","Elaeagnus commutata Bernh. ex Rydb.","species",,,,,,"jeldridge@neoninc.org","mlakey@field-ops.org",
"33866a0d-dfc8-4e34-a90f-213b45ca34f0","DCFS_078.basePlot.vst","2015-09-24","vst_DCFS_2015","D09","DCFS","DCFS_078","31","1","31",2.9,78.1,,"NEON.PLA.D09.DCFS.00217",,,"NEON.DOC.000987vE","CRCH","Crataegus chrysocarpa Ashe","species",,,,,,"jeldridge@neoninc.org","mlakey@field-ops.org",
"7e716709-486a-42ae-ac66-c774897d9848","DCFS_078.basePlot.vst","2015-09-24","vst_DCFS_2015","D09","DCFS","DCFS_078","31","1","31",3.2,20.8,,"NEON.PLA.D09.DCFS.00220",,,"NEON.DOC.000987vE","CRCH","Crataegus chrysocarpa Ashe","species",,,,,,"jeldridge@neoninc.org","mlakey@field-ops.org",
"3e572bea-d30e-490d-8525-302ca440aa22","DCFS_078.basePlot.vst","2015-09-24","vst_DCFS_2015","D09","DCFS","DCFS_078","31","1","31",4.1,35.5,,"NEON.PLA.D09.DCFS.00219",,,"NEON.DOC.000987vE","CRCH","Crataegus chrysocarpa Ashe","species",,,,,,"jeldridge@neoninc.org","mlakey@field-ops.org",
"ac4424e9-c34c-4e80-9e9c-88dde11ac9fb","DCFS_078.basePlot.vst","2015-09-24","vst_DCFS_2015","D09","DCFS","DCFS_078","31","1","31",3.9,0.8,,"NEON.PLA.D09.DCFS.00222",,,"NEON.DOC.000987vE","ELCO","Elaeagnus commutata Bernh. ex Rydb.","species",,,,,,"jeldridge@neoninc.org","mlakey@field-ops.org",
"522eca5c-b436-4c9c-8609-b6ec3c06b8f3","DCFS_078.basePlot.vst","2015-09-24","vst_DCFS_2015","D09","DCFS","DCFS_078","41","4","33",16.1,353.8,,"NEON.PLA.D09.DCFS.00236",,,"NEON.DOC.000987vE","CRCH","Crataegus chrysocarpa Ashe","species",,,,,,"jeldridge@neoninc.org","mlakey@field-ops.org",
"e2f7d592-0697-4a5d-a0b4-d14c39ecb53c","DCFS_078.basePlot.vst","2015-09-24","vst_DCFS_2015","D09","DCFS","DCFS_078","31","2","31",7.3,56.6,,"NEON.PLA.D09.DCFS.00214",,,"NEON.DOC.000987vE","CRCH","Crataegus chrysocarpa Ashe","species",,,,,,"jeldridge@neoninc.org","mlakey@field-ops.org",
