uid,namedLocation,date,eventID,domainID,siteID,plotID,subplotID,individualID,tempShrubStemID,tagStatus,growthForm,plantStatus,stemDiameter,measurementHeight,height,baseCrownHeight,breakHeight,breakDiameter,maxCrownDiameter,ninetyCrownDiameter,canopyPosition,shape,basalStemDiameter,basalStemDiameterMsrmntHeight,maxBaseCrownDiameter,ninetyBaseCrownDiameter,remarks,recordedBy,measuredBy,dataQF
"8a0eee29-27d7-45e8-be2d-abb64e2d3ac5","YELL_002.basePlot.vst","2018-05-14","vst_YELL_2018","D12","YELL","YELL_002",,"NEON.PLA.D12.YELL.00027",,"ok","small shrub","Live",,,0.7,0.0,,,0.9,0.5,,"ellipsoid or sphere",1.7,10,,,,"dweller@Battelleecology.org","abingenheimer@battelleecology.org",
"4a359348-08e1-4616-afeb-d10601eed8d8","YELL_002.basePlot.vst","2018-05-14","vst_YELL_2018","D12","YELL","YELL_002",,"NEON.PLA.D12.YELL.00002",,"ok","small shrub","Live",,,0.5,0.0,,,0.9,0.5,,"ellipsoid or sphere",3.6,10,,,,"dweller@Battelleecology.org","abingenheimer@battelleecology.org",
"f7d4d770-8b0f-4859-8a45-24dcd14e1ce2","YELL_002.basePlot.vst","2018-05-14","vst_YELL_2018","D12","YELL","YELL_002",,"NEON.PLA.D12.YELL.00015",,"ok","small shrub","Live",,,0.7,0.0,,,0.6,0.6,,"ellipsoid or sphere",2.9,10,,,,"dweller@Battelleecology.org","abingenheimer@battelleecology.org",
"e0e445d9-ac33-43cd-962e-f71c4cd3f01e","YELL_002.basePlot.vst","2018-05-14","vst_YELL_2018","D12","YELL","YELL_002",,"NEON.PLA.D12.YELL.00028",,"ok","small shrub","Live",,,0.5,0.0,,,0.8,0.5,,"ellipsoid or sphere",1.0,10,,,,"dweller@Battelleecology.org","abingenheimer@battelleecology.org",
"896466a9-54dc-4605-bcb8-f0811457df24","YELL_002.basePlot.vst","2018-05-14","vst_YELL_2018","D12","YELL","YELL_002",,"NEON.PLA.D12.YELL.00025",,"ok","small shrub","Live",,,0.4,0.0,,,1.0,0.6,,"ellipsoid or sphere",1.7,10,,,,"dweller@Battelleecology.org","abingenheimer@battelleecology.org",
"3790c951-0eeb-432a-991d-ccb3cee2fb15","YELL_002.basePlot.vst","2018-05-14","vst_YELL_2018","D12","YELL","YELL_002",,"NEON.PLA.D12.YELL.00012",,"ok","small shrub","Live",,,0.4,0.0,,,0.5,0.4,,"ellipsoid or sphere",3.6,10,,,,"dweller@Battelleecology.org","abingenheimer@battelleecology.org",
"f3882920-52f8-44e4-9806-744fbcb154f8","YELL_002.basePlot.vst","2018-05-14","vst_YELL_2018","D12","YELL","YELL_002",,"NEON.PLA.D12.YELL.00034",,"ok","small shrub","Live",,,0.7,0.0,,,0.6,0.5,,"ellipsoid or sphere",1.4,10,,,,"dweller@Battelleecology.org","abingenheimer@battelleecology.org",
"d3868594-39b9-47b1-985e-eaa78bdb0491","YELL_002.basePlot.vst","2018-05-14","vst_YELL_2018","D12","YELL","YELL_002",,"NEON.PLA.D12.YELL.00016",,"ok","small shrub","Live",,,0.6,0.0,,,1.1,0.7,,"ellipsoid or sphere",3.1,10,,,,"dweller@Battelleecology.org","abingenheimer@battelleecology.org",
"f3d54a04-53bf-42c0-a5d8-a53772c7b55b","YELL_002.basePlot.vst","2018-05-14","vst_YELL_2018","D12","YELL","YELL_002",,"NEON.PLA.D12.YELL.00025",,"ok","small shrub","Live",,,0.4,0.0,,,1.0,0.6,,"ellipsoid or sphere",1.7,10,,,,"dweller@Battelleecology.org","abingenheimer@battelleecology.org",
"8f1cac76-8bf5-42f9-a569-abff6ce6b92a","YELL_002.basePlot.vst","2018-05-14","vst_YELL_2018","D12","YELL","YELL_002",,"NEON.PLA.D12.YELL.00007",,"ok","small shrub","Live",,,0.7,0.0,,,0.7,0.6,,"ellipsoid or sphere",1.4,10,,,,"dweller@Battelleecology.org","abingenheimer@battelleecology.org",
"1c718b38-4a90-4c8e-95eb-90f08d9e2445","YELL_002.basePlot.vst","2018-05-14","vst_YELL_2018","D12","YELL","YELL_002",,"NEON.PLA.D12.YELL.00017",,"ok","small shrub","Standing dead",,,0.7,0.1,,,1.2,0.8,,"ellipsoid or sphere",2.1,10,,,,"dweller@Battelleecology.org","abingenheimer@battelleecology.org",
"26464642-d844-46b7-8418-3218047815c2","YELL_002.basePlot.vst","2018-05-14","vst_YELL_2018","D12","YELL","YELL_002",,"NEON.PLA.D12.YELL.00018",,"ok","small shrub","Live",,,0.5,0.0,,,0.5,0.3,,"ellipsoid or sphere",1.1,10,,,,"dweller@Battelleecology.org","abingenheimer@battelleecology.org",
"8a6e7dce-4815-4684-95b8-b6a32a6e1b5d","YELL_002.basePlot.vst","2018-05-14","vst_YELL_2018","D12","YELL","YELL_002",,"NEON.PLA.D12.YELL.00027",,"ok","small shrub","Live",,,0.7,0.0,,,0.9,0.5,,"ellipsoid or sphere",1.3,10,,,,"dweller@Battelleecology.org","abingenheimer@battelleecology.org",
"b9261dc8-77bb-4329-b87e-7d4c7f046851","YELL_002.basePlot.vst","2018-05-14","vst_YELL_2018","D12","YELL","YELL_002",,"NEON.PLA.D12.YELL.00033",,"ok","small shrub","Live",,,0.6,0.0,,,1.6,1.4,,"ellipsoid or sphere",2.4,10,,,,"dweller@Battelleecology.org","abingenheimer@battelleecology.org",
"2e1d509e-61ef-4bd3-8c4f-ccad30085178","YELL_002.basePlot.vst","2018-05-14","vst_YELL_2018","D12","YELL","YELL_002",,"NEON.PLA.D12.YELL.00011",,"ok","small shrub","Live",,,0.6,0.0,,,0.7,0.4,,"ellipsoid or sphere",1.5,10,,,,"dweller@Battelleecology.org","abingenheimer@battelleecology.org",
"e4fabb44-024c-4179-b337-047d588e216e","YELL_002.basePlot.vst","2018-05-14","vst_YELL_2018","D12","YELL","YELL_002",,"NEON.PLA.D12.YELL.00026",,"ok","small shrub","Live",,,0.5,0.0,,,0.6,0.4,,"ellipsoid or sphere",1.1,10,,,,"dweller@Battelleecology.org","abingenheimer@battelleecology.org",
"82989d4f-ff76-4b30-8751-01a9504a0195","YELL_002.basePlot.vst","2018-05-14","vst_YELL_2018","D12","YELL","YELL_002",,"NEON.PLA.D12.YELL.00021",,"ok","small shrub","Live",,,0.7,0.0,,,0.7,0.6,,"ellipsoid or sphere",1.3,10,,,,"dweller@Battelleecology.org","abingenheimer@battelleecology.org",
"72d80037-d55f-4226-bfdd-5181c0c648e8","YELL_002.basePlot.vst","2018-05-14","vst_YELL_2018","D12","YELL","YELL_002",,"NEON.PLA.D12.YELL.00021",,"ok","small shrub","Live",,,0.7,0.0,,,0.7,0.6,,"ellipsoid or sphere",1.2,10,,,,"dweller@Battelleecology.org","abingenheimer@battelleecology.org",
"98741789-f861-433a-b93e-a4da2a0e0590","YELL_002.basePlot.vst","2018-05-14","vst_YELL_2018","D12","YELL","YELL_002",,"NEON.PLA.D12.YELL.00006",,"ok","small shrub","Live",,,0.7,0.0,,,1.0,0.7,,"ellipsoid or sphere",2.5,10,,,,"dweller@Battelleecology.org","abingenheimer@battelleecology.org",
"f71e1ce7-8cef-44cc-8580-9b6bd3e6f220","YELL_002.basePlot.vst","2018-05-14","vst_YELL_2018","D12","YELL","YELL_002",,"NEON.PLA.D12.YELL.00017",,"ok","small shrub","Standing dead",,,0.7,0.1,,,1.2,0.8,,"ellipsoid or sphere",4.3,10,,,,"dweller@Battelleecology.org","abingenheimer@battelleecology.org",
"77438d6d-1a45-47df-90a0-46d6bc47e173","YELL_002.basePlot.vst","2018-05-14","vst_YELL_2018","D12","YELL","YELL_002",,"NEON.PLA.D12.YELL.00033",,"ok","small shrub","Live",,,0.6,0.0,,,1.6,1.4,,"ellipsoid or sphere",2.0,10,,,,"dweller@Battelleecology.org","abingenheimer@battelleecology.org",
"8a730b08-a2cb-43a7-bd2b-6fafdad34d73","YELL_002.basePlot.vst","2018-05-14","vst_YELL_2018","D12","YELL","YELL_002",,"NEON.PLA.D12.YELL.00035",,"ok","small shrub","Live",,,0.8,0.0,,,1.6,1.1,,"ellipsoid or sphere",2.9,10,,,,"dweller@Battelleecology.org","abingenheimer@battelleecology.org",
"a18f802d-1140-4ab1-a08e-c7e697e276cd","YELL_002.basePlot.vst","2018-05-14","vst_YELL_2018","D12","YELL","YELL_002",,"NEON.PLA.D12.YELL.00001",,"ok","small shrub","Live",,,0.7,0.2,,,0.9,0.5,,"ellipsoid or sphere",1.6,10,,,,"dweller@Battelleecology.org","abingenheimer@battelleecology.org",
"bdb52cd0-f37e-4d52-a835-c96f68295adc","YELL_002.basePlot.vst","2018-05-14","vst_YELL_2018","D12","YELL","YELL_002",,"NEON.PLA.D12.YELL.00018",,"ok","small shrub","Live",,,0.5,0.0,,,0.5,0.3,,"ellipsoid or sphere",1.4,10,,,,"dweller@Battelleecology.org","abingenheimer@battelleecology.org",
"50ce4138-ab8e-404a-b27f-1b48ac09fdc0","YELL_002.basePlot.vst","2018-05-14","vst_YELL_2018","D12","YELL","YELL_002",,"NEON.PLA.D12.YELL.00001",,"ok","small shrub","Live",,,0.7,0.2,,,0.9,0.5,,"ellipsoid or sphere",2.4,10,,,,"dweller@Battelleecology.org","abingenheimer@battelleecology.org",
"06f48548-f6c7-442f-ad83-1e136816f903","YELL_002.basePlot.vst","2018-05-14","vst_YELL_2018","D12","YELL","YELL_002",,"NEON.PLA.D12.YELL.00003",,"ok","small shrub","Live",,,0.8,0.1,,,0.7,0.5,,"ellipsoid or sphere",1.7,10,,,,"dweller@Battelleecology.org","abingenheimer@battelleecology.org",
"99f52997-a8d5-4782-bb43-7fbf7503ba52","YELL_002.basePlot.vst","2018-05-14","vst_YELL_2018","D12","YELL","YELL_002",,"NEON.PLA.D12.YELL.00024",,"ok","small shrub","Live",,,0.6,0.0,,,1.0,0.7,,"ellipsoid or sphere",1.4,10,,,,"dweller@Battelleecology.org","abingenheimer@battelleecology.org",
"2b1612ca-528b-47f4-8a5e-a03777956395","YELL_002.basePlot.vst","2018-05-14","vst_YELL_2018","D12","YELL","YELL_002",,"NEON.PLA.D12.YELL.00006",,"ok","small shrub","Live",,,0.7,0.0,,,1.0,0.7,,"ellipsoid or sphere",1.2,10,,,,"dweller@Battelleecology.org","abingenheimer@battelleecology.org",
"6d999da3-a17e-40cd-af34-b59a2ade1c98","YELL_002.basePlot.vst","2018-05-14","vst_YELL_2018","D12","YELL","YELL_002",,"NEON.PLA.D12.YELL.00020",,"ok","small shrub","Live",,,0.6,0.0,,,0.3,0.1,,"ellipsoid or sphere",1.2,10,,,,"dweller@Battelleecology.org","abingenheimer@battelleecology.org",
"fb89f7a2-e851-42eb-b2c7-25106c359dc2","YELL_002.basePlot.vst","2018-05-14","vst_YELL_2018","D12","YELL","YELL_002",,"NEON.PLA.D12.YELL.00034",,"ok","small shrub","Live",,,0.7,0.0,,,0.6,0.5,,"ellipsoid or sphere",1.7,10,,,,"dweller@Battelleecology.org","abingenheimer@battelleecology.org",
"2b8759a1-a8fb-4f28-9c0c-7b0e1961be7f","YELL_002.basePlot.vst","2018-05-14","vst_YELL_2018","D12","YELL","YELL_002",,"NEON.PLA.D12.YELL.00005",,"ok","small shrub","Live",,,1.5,0.0,,,0.7,0.6,,"ellipsoid or sphere",1.4,10,,,,"dweller@Battelleecology.org","abingenheimer@battelleecology.org",
"78a93e70-f85a-488e-8495-062f2563e6d3","YELL_002.basePlot.vst","2018-05-14","vst_YELL_2018","D12","YELL","YELL_002",,"NEON.PLA.D12.YELL.00027",,"ok","small shrub","Live",,,0.7,0.0,,,0.9,0.5,,"ellipsoid or sphere",2.1,10,,,,"dweller@Battelleecology.org","abingenheimer@battelleecology.org",
"c5f78452-0bbd-4602-b4e8-1b6ea637b33e","YELL_002.basePlot.vst","2018-05-14","vst_YELL_2018","D12","YELL","YELL_002",,"NEON.PLA.D12.YELL.00024",,"ok","small shrub","Live",,,0.6,0.0,,,1.0,0.7,,"ellipsoid or sphere",1.2,10,,,,"dweller@Battelleecology.org","abingenheimer@battelleecology.org",
"53eedeae-57a9-4868-b12b-178a4a8cdb27","YELL_002.basePlot.vst","2018-05-14","vst_YELL_2018","D12","YELL","YELL_002",,"NEON.PLA.D12.YELL.00005",,"ok","small shrub","Live",,,1.5,0.0,,,0.7,0.6,,"ellipsoid or sphere",1.1,10,,,,"dweller@Battelleecology.org","abingenheimer@battelleecology.org",
"d744a8cb-d622-407e-97af-6a49ebaba742","YELL_002.basePlot.vst","2018-05-14","vst_YELL_2018","D12","YELL","YELL_002",,"NEON.PLA.D12.YELL.00009",,"ok","small shrub","Live",,,0.4,0.0,,,0.6,0.4,,"ellipsoid or sphere",1.1,10,,,,"dweller@Battelleecology.org","abingenheimer@battelleecology.org",
"78e36f84-cf76-4c8c-b64e-ec9c11491ad4","YELL_002.basePlot.vst","2018-05-14","vst_YELL_2018","D12","YELL","YELL_002",,"NEON.PLA.D12.YELL.00013",,"ok","small shrub","Live",,,0.5,0.0,,,0.5,0.1,,"ellipsoid or sphere",1.6,10,,,,"dweller@Battelleecology.org","abingenheimer@battelleecology.org",
"5a20494c-7ced-4d0c-814b-1a1ece67a8f1","YELL_002.basePlot.vst","2018-05-14","vst_YELL_2018","D12","YELL","YELL_002",,"NEON.PLA.D12.YELL.00007",,"ok","small shrub","Live",,,0.7,0.0,,,0.7,0.6,,"ellipsoid or sphere",1.5,10,,,,"dweller@Battelleecology.org","abingenheimer@battelleecology.org",
"f3f19fc8-0344-40d3-b840-04178c37d210","YELL_002.basePlot.vst","2018-05-14","vst_YELL_2018","D12","YELL","YELL_002",,"NEON.PLA.D12.YELL.00007",,"ok","small shrub","Live",,,0.7,0.0,,,0.7,0.6,,"ellipsoid or sphere",1.7,10,,,,"dweller@Battelleecology.org","abingenheimer@battelleecology.org",
"89b23099-0bab-4ddf-819a-ad624662efe4","YELL_002.basePlot.vst","2018-05-14","vst_YELL_2018","D12","YELL","YELL_002",,"NEON.PLA.D12.YELL.00024",,"ok","small shrub","Live",,,0.6,0.0,,,1.0,0.7,,"ellipsoid or sphere",2.1,10,,,,"dweller@Battelleecology.org","abingenheimer@battelleecology.org",
"7e6cc9b2-ae1d-401e-8ea9-53848c12d09a","YELL_002.basePlot.vst","2018-05-14","vst_YELL_2018","D12","YELL","YELL_002",,"NEON.PLA.D12.YELL.00027",,"ok","small shrub","Live",,,0.7,0.0,,,0.9,0.5,,"ellipsoid or sphere",2.5,10,,,,"dweller@Battelleecology.org","abingenheimer@battelleecology.org",
"d4dc092c-d13b-4f53-b57e-0a0c04407107","YELL_002.basePlot.vst","2018-05-14","vst_YELL_2018","D12","YELL","YELL_002",,"NEON.PLA.D12.YELL.00033",,"ok","small shrub","Live",,,0.6,0.0,,,1.6,1.4,,"ellipsoid or sphere",5.3,10,,,,"dweller@Battelleecology.org","abingenheimer@battelleecology.org",
"7d5239db-e46a-4f42-aeca-a67998d0fc34","YELL_002.basePlot.vst","2018-05-14","vst_YELL_2018","D12","YELL","YELL_002",,"NEON.PLA.D12.YELL.00010",,"ok","small shrub","Live",,,0.7,0.0,,,0.9,0.5,,"ellipsoid or sphere",2.3,10,,,,"dweller@Battelleecology.org","abingenheimer@battelleecology.org",
"567b47bb-5863-4672-8c40-19a093d44700","YELL_002.basePlot.vst","2018-05-14","vst_YELL_2018","D12","YELL","YELL_002",,"NEON.PLA.D12.YELL.00004",,"ok","small shrub","Live",,,0.9,0.0,,,1.2,1.0,,"ellipsoid or sphere",3.3,10,,,,"dweller@Battelleecology.org","abingenheimer@battelleecology.org",
"8985c42e-6dc3-43ed-aa61-77e72e6e4eff","YELL_002.basePlot.vst","2018-05-14","vst_YELL_2018","D12","YELL","YELL_002",,"NEON.PLA.D12.YELL.00004",,"ok","small shrub","Live",,,0.9,0.0,,,1.2,1.0,,"ellipsoid or sphere",4.1,10,,,,"dweller@Battelleecology.org","abingenheimer@battelleecology.org",
"aa8dfe8a-0ed1-42a6-bf4e-05d08a1fa931","YELL_002.basePlot.vst","2018-05-14","vst_YELL_2018","D12","YELL","YELL_002",,"NEON.PLA.D12.YELL.00016",,"ok","small shrub","Live",,,0.6,0.0,,,1.1,0.7,,"ellipsoid or sphere",5.2,10,,,,"dweller@Battelleecology.org","abingenheimer@battelleecology.org",
"998a6e4c-41e9-4ee0-8e3e-e13f32934427","YELL_002.basePlot.vst","2018-05-14","vst_YELL_2018","D12","YELL","YELL_002",,"NEON.PLA.D12.YELL.00014",,"ok","small shrub","Live",,,0.9,0.0,,,1.2,1.0,,"ellipsoid or sphere",6.3,10,,,,"dweller@Battelleecology.org","abingenheimer@battelleecology.org",
"8c2cb189-ca0b-4fa4-a43e-04e7bf091833","YELL_002.basePlot.vst","2018-05-14","vst_YELL_2018","D12","YELL","YELL_002",,"NEON.PLA.D12.YELL.00010",,"ok","small shrub","Live",,,0.7,0.0,,,0.9,0.5,,"ellipsoid or sphere",1.6,10,,,,"dweller@Battelleecology.org","abingenheimer@battelleecology.org",
"3b37bb8f-7ce7-45b0-8113-08c6276b9890","YELL_002.basePlot.vst","2018-05-14","vst_YELL_2018","D12","YELL","YELL_002",,"NEON.PLA.D12.YELL.00001",,"ok","small shrub","Live",,,0.7,0.2,,,0.9,0.5,,"ellipsoid or sphere",1.0,10,,,,"dweller@Battelleecology.org","abingenheimer@battelleecology.org",
"84040c55-bb31-45f4-83d7-816bb87c1f95","YELL_002.basePlot.vst","2018-05-14","vst_YELL_2018","D12","YELL","YELL_002",,"NEON.PLA.D12.YELL.00029",,"ok","small shrub","Live",,,0.5,0.0,,,0.5,0.3,,"ellipsoid or sphere",1.2,10,,,,"dweller@Battelleecology.org","abingenheimer@battelleecology.org",
"0892c759-7e29-481e-8b02-5af33dd65731","YELL_002.basePlot.vst","2018-05-14","vst_YELL_2018","D12","YELL","YELL_002",,"NEON.PLA.D12.YELL.00032",,"ok","small shrub","Live",,,0.3,0.0,,,0.4,0.1,,"ellipsoid or sphere",1.5,10,,,,"dweller@Battelleecology.org","abingenheimer@battelleecology.org",
"17006e8d-1520-40cc-92c9-6c9f05cd24fa","YELL_002.basePlot.vst","2018-05-14","vst_YELL_2018","D12","YELL","YELL_002",,"NEON.PLA.D12.YELL.00004",,"ok","small shrub","Live",,,0.9,0.0,,,1.2,1.0,,"ellipsoid or sphere",4.6,10,,,,"dweller@Battelleecology.org","abingenheimer@battelleecology.org",
"1a822878-00a0-4957-9432-78706aeb99de","YELL_002.basePlot.vst","2018-05-14","vst_YELL_2018","D12","YELL","YELL_002",,"NEON.PLA.D12.YELL.00033",,"ok","small shrub","Live",,,0.6,0.0,,,1.6,1.4,,"ellipsoid or sphere",1.2,10,,,,"dweller@Battelleecology.org","abingenheimer@battelleecology.org",
"19cd0471-c1a2-4edc-9a97-db3b14499bcd","YELL_002.basePlot.vst","2018-05-14","vst_YELL_2018","D12","YELL","YELL_002",,"NEON.PLA.D12.YELL.00008",,"ok","small shrub","Live",,,0.3,0.1,,,0.3,0.3,,"ellipsoid or sphere",1.4,10,,,,"dweller@Battelleecology.org","abingenheimer@battelleecology.org",
"98715c8b-8a02-473d-85fd-bc51a6e95810","YELL_002.basePlot.vst","2018-05-14","vst_YELL_2018","D12","YELL","YELL_002",,"NEON.PLA.D12.YELL.00022",,"ok","small shrub","Live",,,0.4,0.0,,,0.9,0.3,,"ellipsoid or sphere",2.0,10,,,,"dweller@Battelleecology.org","abingenheimer@battelleecology.org",
"81d80de3-b0d8-4235-b6b1-1bb05b4fd904","YELL_002.basePlot.vst","2018-05-14","vst_YELL_2018","D12","YELL","YELL_002",,"NEON.PLA.D12.YELL.00025",,"ok","small shrub","Live",,,0.4,0.0,,,1.0,0.6,,"ellipsoid or sphere",3.4,10,,,,"dweller@Battelleecology.org","abingenheimer@battelleecology.org",
"78ce436e-2a53-440f-94d6-d2ec6b9bb8dd","YELL_002.basePlot.vst","2018-05-14","vst_YELL_2018","D12","YELL","YELL_002",,"NEON.PLA.D12.YELL.00023",,"ok","small shrub","Live",,,0.6,0.1,,,0.4,0.3,,"ellipsoid or sphere",1.6,10,,,,"dweller@Battelleecology.org","abingenheimer@battelleecology.org",
"83e45d94-a15d-416f-ae99-873dac76af35","YELL_002.basePlot.vst","2018-05-14","vst_YELL_2018","D12","YELL","YELL_002",,"NEON.PLA.D12.YELL.00025",,"ok","small shrub","Live",,,0.4,0.0,,,1.0,0.6,,"ellipsoid or sphere",1.8,10,,,,"dweller@Battelleecology.org","abingenheimer@battelleecology.org",
"01b67a14-da51-4cbc-b62e-ea65771ed92c","YELL_002.basePlot.vst","2018-05-14","vst_YELL_2018","D12","YELL","YELL_002",,"NEON.PLA.D12.YELL.00006",,"ok","small shrub","Live",,,0.7,0.0,,,1.0,0.7,,"ellipsoid or sphere",1.2,10,,,,"dweller@Battelleecology.org","abingenheimer@battelleecology.org",
"cbab6e9b-0117-414c-9307-3180d049954f","YELL_002.basePlot.vst","2018-05-14","vst_YELL_2018","D12","YELL","YELL_002",,"NEON.PLA.D12.YELL.00024",,"ok","small shrub","Live",,,0.6,0.0,,,1.0,0.7,,"ellipsoid or sphere",1.3,10,,,,"dweller@Battelleecology.org","abingenheimer@battelleecology.org",
"543bc343-0bbf-4fdb-9f0e-10bf24a89c83","YELL_002.basePlot.vst","2018-05-14","vst_YELL_2018","D12","YELL","YELL_002",,"NEON.PLA.D12.YELL.00019",,"ok","small shrub","Live",,,0.6,0.0,,,0.3,0.2,,"ellipsoid or sphere",1.2,10,,,,"dweller@Battelleecology.org","abingenheimer@battelleecology.org",
"5471836f-10d7-4ff3-a561-96068c7e0c35","YELL_002.basePlot.vst","2018-05-14","vst_YELL_2018","D12","YELL","YELL_002",,"NEON.PLA.D12.YELL.00006",,"ok","small shrub","Live",,,0.7,0.0,,,1.0,0.7,,"ellipsoid or sphere",1.3,10,,,,"dweller@Battelleecology.org","abingenheimer@battelleecology.org",
"5799c8e9-5229-4a64-ab2a-bd1b989e5843","YELL_002.basePlot.vst","2018-05-14","vst_YELL_2018","D12","YELL","YELL_002",,"NEON.PLA.D12.YELL.00006",,"ok","small shrub","Live",,,0.7,0.0,,,1.0,0.7,,"ellipsoid or sphere",1.3,10,,,,"dweller@Battelleecology.org","abingenheimer@battelleecology.org",
"f791f688-3894-4f52-87b7-033df14b513f","YELL_002.basePlot.vst","2018-05-14","vst_YELL_2018","D12","YELL","YELL_002",,"NEON.PLA.D12.YELL.00006",,"ok","small shrub","Standing dead",,,0.7,0.0,,,1.0,0.7,,"ellipsoid or sphere",1.3,10,,,,"dweller@Battelleecology.org","abingenheimer@battelleecology.org",
"9ae49845-bc4b-4255-a3e6-24ba1fbc7edb","YELL_002.basePlot.vst","2018-05-14","vst_YELL_2018","D12","YELL","YELL_002",,"NEON.PLA.D12.YELL.00033",,"ok","small shrub","Live",,,0.6,0.0,,,1.6,1.4,,"ellipsoid or sphere",1.4,10,,,,"dweller@Battelleecology.org","abingenheimer@battelleecology.org",
"ec800177-54de-442b-acb6-d9506a848283","YELL_002.basePlot.vst","2018-05-14","vst_YELL_2018","D12","YELL","YELL_002",,"NEON.PLA.D12.YELL.00013",,"ok","small shrub","Live",,,0.5,0.0,,,0.5,0.1,,"ellipsoid or sphere",1.9,10,,,,"dweller@Battelleecology.org","abingenheimer@battelleecology.org",
"065ca404-58c4-425b-bd76-64e0013ccfaa","YELL_002.basePlot.vst","2018-05-14","vst_YELL_2018","D12","YELL","YELL_002",,"NEON.PLA.D12.YELL.00030",,"ok","small shrub","Live",,,0.4,0.0,,,0.8,0.4,,"ellipsoid or sphere",1.2,10,,,,"dweller@Battelleecology.org","abingenheimer@battelleecology.org",
"bbfb9621-a697-4a33-bf0d-5a9c116f7055","YELL_002.basePlot.vst","2018-05-14","vst_YELL_2018","D12","YELL","YELL_002",,"NEON.PLA.D12.YELL.00035",,"ok","small shrub","Live",,,0.8,0.0,,,1.6,1.1,,"ellipsoid or sphere",2.3,10,,,,"dweller@Battelleecology.org","abingenheimer@battelleecology.org",
"74c11e50-a65e-4ffb-94eb-af2b5b967d57","YELL_002.basePlot.vst","2018-05-14","vst_YELL_2018","D12","YELL","YELL_002",,"NEON.PLA.D12.YELL.00002",,"ok","small shrub","Standing dead",,,0.5,0.0,,,0.9,0.5,,"ellipsoid or sphere",1.3,10,,,,"dweller@Battelleecology.org","abingenheimer@battelleecology.org",
"bbeab49d-b762-4d66-8134-113756d2de92","YELL_002.basePlot.vst","2018-05-14","vst_YELL_2018","D12","YELL","YELL_002",,"NEON.PLA.D12.YELL.00029",,"ok","small shrub","Live",,,0.5,0.0,,,0.5,0.3,,"ellipsoid or sphere",1.2,10,,,,"dweller@Battelleecology.org","abingenheimer@battelleecology.org",
"47cd3bfa-db82-4293-bafe-81b39f10d79a","YELL_002.basePlot.vst","2018-05-14","vst_YELL_2018","D12","YELL","YELL_002",,"NEON.PLA.D12.YELL.00027",,"ok","small shrub","Live",,,0.7,0.0,,,0.9,0.5,,"ellipsoid or sphere",1.9,10,,,,"dweller@Battelleecology.org","abingenheimer@battelleecology.org",
"4c8f3468-636c-4ffe-8c55-1d57fd8d33b7","YELL_002.basePlot.vst","2018-05-14","vst_YELL_2018","D12","YELL","YELL_002",,"NEON.PLA.D12.YELL.00005",,"ok","small shrub","Live",,,1.5,0.0,,,0.7,0.6,,"ellipsoid or sphere",1.4,10,,,,"dweller@Battelleecology.org","abingenheimer@battelleecology.org",
"8c165f9b-4f3f-4657-8831-d56a3f3f1be8","YELL_002.basePlot.vst","2018-05-14","vst_YELL_2018","D12","YELL","YELL_002",,"NEON.PLA.D12.YELL.00033",,"ok","small shrub","Standing dead",,,0.6,0.0,,,1.6,1.4,,"ellipsoid or sphere",1.4,10,,,,"dweller@Battelleecology.org","abingenheimer@battelleecology.org",
"2327f476-e8dd-4443-b779-0a0ee11cb76d","YELL_002.basePlot.vst","2018-05-14","vst_YELL_2018","D12","YELL","YELL_002",,"NEON.PLA.D12.YELL.00033",,"ok","small shrub","Live",,,0.6,0.0,,,1.6,1.4,,"ellipsoid or sphere",1.6,10,,,,"dweller@Battelleecology.org","abingenheimer@battelleecology.org",
"5e4a661a-cabc-4851-ba9a-cdaf7dab3fc2","YELL_002.basePlot.vst","2018-05-14","vst_YELL_2018","D12","YELL","YELL_002",,"NEON.PLA.D12.YELL.00026",,"ok","small shrub","Live",,,0.5,0.0,,,0.6,0.4,,"ellipsoid or sphere",1.0,10,,,,"dweller@Battelleecology.org","abingenheimer@battelleecology.org",
"2d9d5a39-379a-455e-9b48-fcd566e67b69","YELL_002.basePlot.vst","2018-05-14","vst_YELL_2018","D12","YELL","YELL_002",,"NEON.PLA.D12.YELL.00035",,"ok","small shrub","Standing dead",,,0.8,0.0,,,1.6,1.1,,"ellipsoid or sphere",2.0,10,,,,"dweller@Battelleecology.org","abingenheimer@battelleecology.org",
"60ff75bd-eda2-4383-9f56-7b026ae7348e","YELL_002.basePlot.vst","2018-05-14","vst_YELL_2018","D12","YELL","YELL_002",,"NEON.PLA.D12.YELL.00031",,"ok","small shrub","Live",,,0.5,0.0,,,0.5,0.4,,"ellipsoid or sphere",1.3,10,,,,"dweller@Battelleecology.org","abingenheimer@battelleecology.org",
"8ad7fdd8-f01b-4204-884a-db04bfb82eaa","YELL_002.basePlot.vst","2018-05-14","vst_YELL_2018","D12","YELL","YELL_002",,"NEON.PLA.D12.YELL.00001",,"ok","small shrub","Standing dead",,,0.7,0.2,,,0.9,0.5,,"ellipsoid or sphere",1.1,10,,,,"dweller@Battelleecology.org","abingenheimer@battelleecology.org",
"16e4b0cd-309c-43dc-bf6f-7b8260918ce8","YELL_002.basePlot.vst","2018-05-14","vst_YELL_2018","D12","YELL","YELL_002",,"NEON.PLA.D12.YELL.00006",,"ok","small shrub","Live",,,0.7,0.0,,,1.0,0.7,,"ellipsoid or sphere",1.2,10,,,,"dweller@Battelleecology.org","abingenheimer@battelleecology.org",
"0f401a23-6264-4699-8c00-bf8c8ef53705","YELL_002.basePlot.vst","2018-05-14","vst_YELL_2018","D12","YELL","YELL_002",,"NEON.PLA.D12.YELL.00035",,"ok","small shrub","Live",,,0.8,0.0,,,1.6,1.1,,"ellipsoid or sphere",3.5,10,,,,"dweller@Battelleecology.org","abingenheimer@battelleecology.org",
"522525d9-dbb3-47dc-ac16-a27cb3687a14","YELL_002.basePlot.vst","2018-05-14","vst_YELL_2018","D12","YELL","YELL_002",,"NEON.PLA.D12.YELL.00035",,"ok","small shrub","Live",,,0.8,0.0,,,1.6,1.1,,"ellipsoid or sphere",3.9,10,,,,"dweller@Battelleecology.org","abingenheimer@battelleecology.org",
"37657dbd-81b8-4dc1-8fdc-17cdca4f4d1d","YELL_002.basePlot.vst","2018-05-14","vst_YELL_2018","D12","YELL","YELL_002",,"NEON.PLA.D12.YELL.00035",,"ok","small shrub","Live",,,0.8,0.0,,,1.6,1.1,,"ellipsoid or sphere",5.0,10,,,,"dweller@Battelleecology.org","abingenheimer@battelleecology.org",
"fda39856-9faf-4a17-aba9-53e895ef5b0e","YELL_002.basePlot.vst","2018-05-14","vst_YELL_2018","D12","YELL","YELL_002",,"NEON.PLA.D12.YELL.00006",,"ok","small shrub","Live",,,0.7,0.0,,,1.0,0.7,,"ellipsoid or sphere",1.3,10,,,,"dweller@Battelleecology.org","abingenheimer@battelleecology.org",
"6f0909aa-9659-4d7f-ba2e-e69e549841a5","YELL_002.basePlot.vst","2018-05-14","vst_YELL_2018","D12","YELL","YELL_002",,"NEON.PLA.D12.YELL.00009",,"ok","small shrub","Live",,,0.4,0.0,,,0.6,0.4,,"ellipsoid or sphere",1.4,10,,,,"dweller@Battelleecology.org","abingenheimer@battelleecology.org",
"5dce11cc-d2ba-4ec0-99cf-91ce94550380","YELL_002.basePlot.vst","2018-05-14","vst_YELL_2018","D12","YELL","YELL_002",,"NEON.PLA.D12.YELL.00025",,"ok","small shrub","Live",,,0.4,0.0,,,1.0,0.6,,"ellipsoid or sphere",1.7,10,,,,"dweller@Battelleecology.org","abingenheimer@battelleecology.org",
"36c409b8-e9f2-4d3a-8a19-b1ca9cf91572","YELL_002.basePlot.vst","2018-05-14","vst_YELL_2018","D12","YELL","YELL_002",,"NEON.PLA.D12.YELL.00033",,"ok","small shrub","Live",,,0.6,0.0,,,1.6,1.4,,"ellipsoid or sphere",3.4,10,,,,"dweller@Battelleecology.org","abingenheimer@battelleecology.org",
"e3ce8450-2bd3-47fc-9aac-a7484a589c85","YELL_002.basePlot.vst","2018-05-14","vst_YELL_2018","D12","YELL","YELL_002",,"NEON.PLA.D12.YELL.00007",,"ok","small shrub","Live",,,0.7,0.0,,,0.7,0.6,,"ellipsoid or sphere",1.6,10,,,,"dweller@Battelleecology.org","abingenheimer@battelleecology.org",
"6fa966d6-120a-4b04-b9ac-01876e90252b","YELL_002.basePlot.vst","2018-05-14","vst_YELL_2018","D12","YELL","YELL_002",,"NEON.PLA.D12.YELL.00011",,"ok","small shrub","Live",,,0.6,0.0,,,0.7,0.4,,"ellipsoid or sphere",1.4,10,,,,"dweller@Battelleecology.org","abingenheimer@battelleecology.org",
"72cbacb0-3c27-4a9f-bd38-9ff4babc1071","YELL_002.basePlot.vst","2018-05-14","vst_YELL_2018","D12","YELL","YELL_002",,"NEON.PLA.D12.YELL.00009",,"ok","small shrub","Live",,,0.4,0.0,,,0.6,0.4,,"ellipsoid or sphere",1.1,10,,,,"dweller@Battelleecology.org","abingenheimer@battelleecology.org",
"a1fc2972-3661-4bd3-aa25-cb989af8a6ea","YELL_002.basePlot.vst","2018-05-14","vst_YELL_2018","D12","YELL","YELL_002",,"NEON.PLA.D12.YELL.00002",,"ok","small shrub","Standing dead",,,0.5,0.0,,,0.9,0.5,,"ellipsoid or sphere",2.1,10,,,,"dweller@Battelleecology.org","abingenheimer@battelleecology.org",
"3070df24-4d65-4e6c-8480-cc023fa18954","YELL_002.basePlot.vst","2018-05-14","vst_YELL_2018","D12","YELL","YELL_002",,"NEON.PLA.D12.YELL.00030",,"ok","small shrub","Live",,,0.4,0.0,,,0.8,0.4,,"ellipsoid or sphere",1.6,10,,,,"dweller@Battelleecology.org","abingenheimer@battelleecology.org",
"f634cbbe-5f6c-49a0-a700-eacb625e46d0","YELL_002.basePlot.vst","2018-05-14","vst_YELL_2018","D12","YELL","YELL_002",,"NEON.PLA.D12.YELL.00024",,"ok","small shrub","Live",,,0.6,0.0,,,1.0,0.7,,"ellipsoid or sphere",1.1,10,,,,"dweller@Battelleecology.org","abingenheimer@battelleecology.org",
"c7d091c6-e796-4227-b631-ce4906b04d26","YELL_002.basePlot.vst","2018-05-14","vst_YELL_2018","D12","YELL","YELL_002",,"NEON.PLA.D12.YELL.00006",,"ok","small shrub","Live",,,0.7,0.0,,,1.0,0.7,,"ellipsoid or sphere",1.6,10,,,,"dweller@Battelleecology.org","abingenheimer@battelleecology.org",
"94bbbd65-33e1-4416-b129-d6fa2b0e9dcf","YELL_002.basePlot.vst","2018-05-14","vst_YELL_2018","D12","YELL","YELL_002",,"NEON.PLA.D12.YELL.00005",,"ok","small shrub","Live",,,1.5,0.0,,,0.7,0.6,,"ellipsoid or sphere",1.2,10,,,,"dweller@Battelleecology.org","abingenheimer@battelleecology.org",
"4cc74ac1-53fa-4d39-9bf2-a5b1fe288061","YELL_002.basePlot.vst","2018-05-14","vst_YELL_2018","D12","YELL","YELL_002",,"NEON.PLA.D12.YELL.00033",,"ok","small shrub","Live",,,0.6,0.0,,,1.6,1.4,,"ellipsoid or sphere",1.1,10,,,,"dweller@Battelleecology.org","abingenheimer@battelleecology.org",
"88ea736f-0eab-42f9-8f1d-c8f61b2003d3","YELL_002.basePlot.vst","2018-05-14","vst_YELL_2018","D12","YELL","YELL_002",,"NEON.PLA.D12.YELL.00006",,"ok","small shrub","Live",,,0.7,0.0,,,1.0,0.7,,"ellipsoid or sphere",1.1,10,,,,"dweller@Battelleecology.org","abingenheimer@battelleecology.org",
"b758912e-74e3-4108-b204-5efe8ad8f900","YELL_002.basePlot.vst","2018-05-14","vst_YELL_2018","D12","YELL","YELL_002",,"NEON.PLA.D12.YELL.00010",,"ok","small shrub","Live",,,0.7,0.0,,,0.9,0.5,,"ellipsoid or sphere",1.7,10,,,,"dweller@Battelleecology.org","abingenheimer@battelleecology.org",
"2780e2bd-ca9c-485c-8fc7-dc90c480e4c9","YELL_002.basePlot.vst","2018-05-14","vst_YELL_2018","D12","YELL","YELL_002",,"NEON.PLA.D12.YELL.00007",,"ok","small shrub","Live",,,0.7,0.0,,,0.7,0.6,,"ellipsoid or sphere",1.7,10,,,,"dweller@Battelleecology.org","abingenheimer@battelleecology.org",
"c0b5e7fd-881c-4132-83c9-8ae4529cc1bc","YELL_002.basePlot.vst","2018-05-14","vst_YELL_2018","D12","YELL","YELL_002",,"NEON.PLA.D12.YELL.00017",,"ok","small shrub","Standing dead",,,0.7,0.1,,,1.2,0.8,,"ellipsoid or sphere",2.1,10,,,,"dweller@Battelleecology.org","abingenheimer@battelleecology.org",
"6d5d6a4e-c2df-4442-afae-20f0e1685323","YELL_016.basePlot.vst","2018-05-16","vst_YELL_2018","D12","YELL","YELL_016",,"NEON.PLA.D12.YELL.00071",,"ok","small shrub","Live",,,0.9,0.0,,,1.8,1.7,,"ellipsoid or sphere",1.4,10,,,,"abingenheimer@battelleecology.org","Bfischer@battelleecology.org",
"524834b6-ce70-4bc5-a27a-9c5efc4feb14","YELL_016.basePlot.vst","2018-05-16","vst_YELL_2018","D12","YELL","YELL_016",,"NEON.PLA.D12.YELL.00059",,"ok","small shrub","Standing dead",,,0.4,0.0,,,1.1,0.7,,"ellipsoid or sphere",2.5,10,,,,"abingenheimer@battelleecology.org","Bfischer@battelleecology.org",
"135af174-9799-415e-bc83-0578fd27c3a0","YELL_016.basePlot.vst","2018-05-16","vst_YELL_2018","D12","YELL","YELL_016",,"NEON.PLA.D12.YELL.00069",,"ok","small shrub","Standing dead",,,0.2,0.0,,,0.6,0.4,,"ellipsoid or sphere",2.6,10,,,,"abingenheimer@battelleecology.org","Bfischer@battelleecology.org",
"b4d02cff-ba64-4241-8e40-a95695b2b9fe","YELL_016.basePlot.vst","2018-05-16","vst_YELL_2018","D12","YELL","YELL_016",,"NEON.PLA.D12.YELL.00065",,"ok","small shrub","Live",,,0.5,0.0,,,1.1,0.5,,"ellipsoid or sphere",1.5,10,,,,"abingenheimer@battelleecology.org","Bfischer@battelleecology.org",
"953e3646-7780-4854-94ff-5db4b466db6f","YELL_016.basePlot.vst","2018-05-16","vst_YELL_2018","D12","YELL","YELL_016",,"NEON.PLA.D12.YELL.00062",,"ok","small shrub","Live",,,0.6,0.0,,,1.6,1.4,,"ellipsoid or sphere",1.8,10,,,,"abingenheimer@battelleecology.org","Bfischer@battelleecology.org",
"2b795177-b1f1-4e8b-9393-79c19cf0b3cb","YELL_016.basePlot.vst","2018-05-16","vst_YELL_2018","D12","YELL","YELL_016",,"NEON.PLA.D12.YELL.00068",,"ok","small shrub","Live",,,0.7,0.0,,,1.4,1.3,,"ellipsoid or sphere",3.7,10,,,,"abingenheimer@battelleecology.org","Bfischer@battelleecology.org",
"9412bfdf-2918-46ff-a128-146cf733931b","YELL_016.basePlot.vst","2018-05-16","vst_YELL_2018","D12","YELL","YELL_016",,"NEON.PLA.D12.YELL.00066",,"ok","small shrub","Live",,,0.6,0.0,,,0.7,0.7,,"ellipsoid or sphere",1.8,10,,,,"abingenheimer@battelleecology.org","Bfischer@battelleecology.org",
"5b6f0c3d-8037-472d-ba7c-8579a2175a87","YELL_016.basePlot.vst","2018-05-16","vst_YELL_2018","D12","YELL","YELL_016",,"NEON.PLA.D12.YELL.00059",,"ok","small shrub","Live",,,0.4,0.0,,,1.1,0.7,,"ellipsoid or sphere",2.2,10,,,,"abingenheimer@battelleecology.org","Bfischer@battelleecology.org",
"e8baf63b-3e06-41c2-924a-dc9e22cbf108","YELL_016.basePlot.vst","2018-05-16","vst_YELL_2018","D12","YELL","YELL_016",,"NEON.PLA.D12.YELL.00062",,"ok","small shrub","Live",,,0.6,0.0,,,1.6,1.4,,"ellipsoid or sphere",1.9,10,,,,"abingenheimer@battelleecology.org","Bfischer@battelleecology.org",
"60de204c-8754-4388-af39-6c0d77b8ed18","YELL_016.basePlot.vst","2018-05-16","vst_YELL_2018","D12","YELL","YELL_016",,"NEON.PLA.D12.YELL.00073",,"ok","small shrub","Live",,,0.5,0.0,,,1.3,0.9,,"ellipsoid or sphere",2.5,10,,,,"abingenheimer@battelleecology.org","Bfischer@battelleecology.org",
"9000aab1-7af5-4942-9795-aa68cb73fd38","YELL_016.basePlot.vst","2018-05-16","vst_YELL_2018","D12","YELL","YELL_016",,"NEON.PLA.D12.YELL.00072",,"ok","small shrub","Standing dead",,,0.4,0.0,,,0.7,0.6,,"ellipsoid or sphere",1.6,10,,,,"abingenheimer@battelleecology.org","Bfischer@battelleecology.org",
"7cdc88f3-ea34-4c00-a5fb-29b76533d45c","YELL_016.basePlot.vst","2018-05-16","vst_YELL_2018","D12","YELL","YELL_016",,"NEON.PLA.D12.YELL.00062",,"ok","small shrub","Standing dead",,,0.6,0.0,,,1.6,1.4,,"ellipsoid or sphere",2.2,10,,,,"abingenheimer@battelleecology.org","Bfischer@battelleecology.org",
"f13eafb1-cab3-4048-b36d-1d23308f5785","YELL_016.basePlot.vst","2018-05-16","vst_YELL_2018","D12","YELL","YELL_016",,"NEON.PLA.D12.YELL.00071",,"ok","small shrub","Live",,,0.9,0.0,,,1.8,1.7,,"ellipsoid or sphere",3.7,10,,,,"abingenheimer@battelleecology.org","Bfischer@battelleecology.org",
"74b9e845-0417-4571-9458-5fd6eb144688","YELL_016.basePlot.vst","2018-05-16","vst_YELL_2018","D12","YELL","YELL_016",,"NEON.PLA.D12.YELL.00066",,"ok","small shrub","Live",,,0.6,0.0,,,0.7,0.7,,"ellipsoid or sphere",2.7,10,,,,"abingenheimer@battelleecology.org","Bfischer@battelleecology.org",
"e20bfa3b-e67f-4c0c-90e7-7a6f80d80d2e","YELL_016.basePlot.vst","2018-05-16","vst_YELL_2018","D12","YELL","YELL_016",,"NEON.PLA.D12.YELL.00061",,"ok","small shrub","Live",,,0.8,0.0,,,1.2,1.1,,"ellipsoid or sphere",1.8,10,,,,"abingenheimer@battelleecology.org","Bfischer@battelleecology.org",
"9e8103a9-efc4-43a8-8dbf-24340f3da7fb","YELL_016.basePlot.vst","2018-05-16","vst_YELL_2018","D12","YELL","YELL_016",,"NEON.PLA.D12.YELL.00061",,"ok","small shrub","Standing dead",,,0.8,0.0,,,1.2,1.1,,"ellipsoid or sphere",1.9,10,,,,"abingenheimer@battelleecology.org","Bfischer@battelleecology.org",
"e5c051dc-e0ae-4d9a-b7cc-820274da435e","YELL_016.basePlot.vst","2018-05-16","vst_YELL_2018","D12","YELL","YELL_016",,"NEON.PLA.D12.YELL.00061",,"ok","small shrub","Live",,,0.8,0.0,,,1.2,1.1,,"ellipsoid or sphere",2.8,10,,,,"abingenheimer@battelleecology.org","Bfischer@battelleecology.org",
"1c53b07f-6fa9-43fc-9693-476acba51748","YELL_016.basePlot.vst","2018-05-16","vst_YELL_2018","D12","YELL","YELL_016",,"NEON.PLA.D12.YELL.00065",,"ok","small shrub","Live",,,0.5,0.0,,,1.1,0.5,,"ellipsoid or sphere",1.9,10,,,,"abingenheimer@battelleecology.org","Bfischer@battelleecology.org",
"720a3422-a1cb-4c7b-a2e7-158cb25ae1ee","YELL_016.basePlot.vst","2018-05-16","vst_YELL_2018","D12","YELL","YELL_016",,"NEON.PLA.D12.YELL.00059",,"ok","small shrub","Standing dead",,,0.4,0.0,,,1.1,0.7,,"ellipsoid or sphere",3.1,10,,,,"abingenheimer@battelleecology.org","Bfischer@battelleecology.org",
"0b87213c-b235-4988-8dcc-302ff6d1c9bc","YELL_016.basePlot.vst","2018-05-16","vst_YELL_2018","D12","YELL","YELL_016",,"NEON.PLA.D12.YELL.00068",,"ok","small shrub","Live",,,0.7,0.0,,,1.4,1.3,,"ellipsoid or sphere",5.1,10,,,,"abingenheimer@battelleecology.org","Bfischer@battelleecology.org",
"907a94cb-1752-45e8-9232-cad620b7497b","YELL_016.basePlot.vst","2018-05-16","vst_YELL_2018","D12","YELL","YELL_016",,"NEON.PLA.D12.YELL.00059",,"ok","small shrub","Standing dead",,,0.4,0.0,,,1.1,0.7,,"ellipsoid or sphere",1.9,10,,,,"abingenheimer@battelleecology.org","Bfischer@battelleecology.org",
"aa9b9cfa-f2bf-4e7b-aa1e-edf19acda9b1","YELL_016.basePlot.vst","2018-05-16","vst_YELL_2018","D12","YELL","YELL_016",,"NEON.PLA.D12.YELL.00073",,"ok","small shrub","Live",,,0.5,0.0,,,1.3,0.9,,"ellipsoid or sphere",3.2,10,,,,"abingenheimer@battelleecology.org","Bfischer@battelleecology.org",
"516de64e-8a83-4234-9b96-cc1c5e5844bf","YELL_016.basePlot.vst","2018-05-16","vst_YELL_2018","D12","YELL","YELL_016",,"NEON.PLA.D12.YELL.00063",,"ok","small shrub","Live",,,0.5,0.0,,,1.4,1.1,,"ellipsoid or sphere",2.8,10,,,,"abingenheimer@battelleecology.org","Bfischer@battelleecology.org",
"eb34d8c9-ae93-4f5f-8149-3148293503ce","YELL_016.basePlot.vst","2018-05-16","vst_YELL_2018","D12","YELL","YELL_016",,"NEON.PLA.D12.YELL.00063",,"ok","small shrub","Live",,,0.5,0.0,,,1.4,1.1,,"ellipsoid or sphere",2.0,10,,,,"abingenheimer@battelleecology.org","Bfischer@battelleecology.org",
"dbbee10b-c998-45fe-922d-053ae3d8afce","YELL_016.basePlot.vst","2018-05-16","vst_YELL_2018","D12","YELL","YELL_016",,"NEON.PLA.D12.YELL.00069",,"ok","small shrub","Standing dead",,,0.2,0.0,,,0.6,0.4,,"ellipsoid or sphere",1.4,10,,,,"abingenheimer@battelleecology.org","Bfischer@battelleecology.org",
"46b2115c-b184-4722-b0d7-4a8c3c0e7d50","YELL_016.basePlot.vst","2018-05-16","vst_YELL_2018","D12","YELL","YELL_016",,"NEON.PLA.D12.YELL.00063",,"ok","small shrub","Live",,,0.5,0.0,,,1.4,1.1,,"ellipsoid or sphere",3.0,10,,,,"abingenheimer@battelleecology.org","Bfischer@battelleecology.org",
"9275a124-2ed3-4da9-9509-a4672726f904","YELL_016.basePlot.vst","2018-05-16","vst_YELL_2018","D12","YELL","YELL_016",,"NEON.PLA.D12.YELL.00062",,"ok","small shrub","Live",,,0.6,0.0,,,1.6,1.4,,"ellipsoid or sphere",2.3,10,,,,"abingenheimer@battelleecology.org","Bfischer@battelleecology.org",
"b85745a8-db86-445c-8389-9cd3cfa06864","YELL_016.basePlot.vst","2018-05-16","vst_YELL_2018","D12","YELL","YELL_016",,"NEON.PLA.D12.YELL.00071",,"ok","small shrub","Standing dead",,,0.9,0.0,,,1.8,1.7,,"ellipsoid or sphere",1.3,10,,,,"abingenheimer@battelleecology.org","Bfischer@battelleecology.org",
"34ba9978-2526-4557-af20-40c551e1655a","YELL_016.basePlot.vst","2018-05-16","vst_YELL_2018","D12","YELL","YELL_016",,"NEON.PLA.D12.YELL.00062",,"ok","small shrub","Live",,,0.6,0.0,,,1.6,1.4,,"ellipsoid or sphere",2.7,10,,,,"abingenheimer@battelleecology.org","Bfischer@battelleecology.org",
"437d09dd-1d63-41ee-98f1-ddb9d73995c7","YELL_016.basePlot.vst","2018-05-16","vst_YELL_2018","D12","YELL","YELL_016",,"NEON.PLA.D12.YELL.00067",,"ok","small shrub","Live",,,0.6,0.0,,,1.1,0.9,,"ellipsoid or sphere",3.9,10,,,,"abingenheimer@battelleecology.org","Bfischer@battelleecology.org",
"d6458fde-9630-4444-8106-f3be6da943bf","YELL_016.basePlot.vst","2018-05-16","vst_YELL_2018","D12","YELL","YELL_016",,"NEON.PLA.D12.YELL.00065",,"ok","small shrub","Live",,,0.5,0.0,,,1.1,0.5,,"ellipsoid or sphere",2.6,10,,,,"abingenheimer@battelleecology.org","Bfischer@battelleecology.org",
"c1c36af2-bd76-463c-8075-e0893e29e438","YELL_016.basePlot.vst","2018-05-16","vst_YELL_2018","D12","YELL","YELL_016",,"NEON.PLA.D12.YELL.00060",,"ok","small shrub","Live",,,0.6,0.0,,,1.3,0.7,,"ellipsoid or sphere",3.9,10,,,,"abingenheimer@battelleecology.org","Bfischer@battelleecology.org",
"4c0278a5-f6f2-4300-b6dc-2c9857f5272b","YELL_016.basePlot.vst","2018-05-16","vst_YELL_2018","D12","YELL","YELL_016",,"NEON.PLA.D12.YELL.00071",,"ok","small shrub","Live",,,0.9,0.0,,,1.8,1.7,,"ellipsoid or sphere",3.0,10,,,,"abingenheimer@battelleecology.org","Bfischer@battelleecology.org",
"3e166e9b-f442-4a5e-a314-e18b0e99e4c8","YELL_016.basePlot.vst","2018-05-16","vst_YELL_2018","D12","YELL","YELL_016",,"NEON.PLA.D12.YELL.00068",,"ok","small shrub","Live",,,0.7,0.0,,,1.4,1.3,,"ellipsoid or sphere",3.8,10,,,,"abingenheimer@battelleecology.org","Bfischer@battelleecology.org",
"f4c11817-18c1-499d-a908-34d81cdcfde1","YELL_016.basePlot.vst","2018-05-16","vst_YELL_2018","D12","YELL","YELL_016",,"NEON.PLA.D12.YELL.00066",,"ok","small shrub","Live",,,0.6,0.0,,,0.7,0.7,,"ellipsoid or sphere",1.7,10,,,,"abingenheimer@battelleecology.org","Bfischer@battelleecology.org",
"8da607cd-3f3a-4f51-8b59-246346395980","YELL_016.basePlot.vst","2018-05-16","vst_YELL_2018","D12","YELL","YELL_016",,"NEON.PLA.D12.YELL.00067",,"ok","small shrub","Live",,,0.6,0.0,,,1.1,0.9,,"ellipsoid or sphere",4.6,10,,,,"abingenheimer@battelleecology.org","Bfischer@battelleecology.org",
"e4fcc209-e73e-4b53-92e1-2457f06db63d","YELL_016.basePlot.vst","2018-05-16","vst_YELL_2018","D12","YELL","YELL_016",,"NEON.PLA.D12.YELL.00072",,"ok","small shrub","Standing dead",,,0.4,0.0,,,0.7,0.6,,"ellipsoid or sphere",1.1,10,,,,"abingenheimer@battelleecology.org","Bfischer@battelleecology.org",
"bfa1b366-770c-4cf7-8662-e0068c9cb088","YELL_016.basePlot.vst","2018-05-16","vst_YELL_2018","D12","YELL","YELL_016",,"NEON.PLA.D12.YELL.00061",,"ok","small shrub","Live",,,0.8,0.0,,,1.2,1.1,,"ellipsoid or sphere",3.9,10,,,,"abingenheimer@battelleecology.org","Bfischer@battelleecology.org",
"4ad9767c-75e3-471d-8a8c-668a89d59a18","YELL_016.basePlot.vst","2018-05-16","vst_YELL_2018","D12","YELL","YELL_016",,"NEON.PLA.D12.YELL.00062",,"ok","small shrub","Live",,,0.6,0.0,,,1.6,1.4,,"ellipsoid or sphere",1.3,10,,,,"abingenheimer@battelleecology.org","Bfischer@battelleecology.org",
"c065b041-b42f-4db5-adf5-8b3b018f3dcc","YELL_016.basePlot.vst","2018-05-16","vst_YELL_2018","D12","YELL","YELL_016",,"NEON.PLA.D12.YELL.00071",,"ok","small shrub","Live",,,0.9,0.0,,,1.8,1.7,,"ellipsoid or sphere",3.3,10,,,,"abingenheimer@battelleecology.org","Bfischer@battelleecology.org",
"ef9e7987-89a2-43b9-8c79-9a772a778b56","YELL_016.basePlot.vst","2018-05-16","vst_YELL_2018","D12","YELL","YELL_016",,"NEON.PLA.D12.YELL.00071",,"ok","small shrub","Live",,,0.9,0.0,,,1.8,1.7,,"ellipsoid or sphere",5.6,10,,,,"abingenheimer@battelleecology.org","Bfischer@battelleecology.org",
"377a6fe7-c180-4177-91fb-b0405f18caaa","YELL_016.basePlot.vst","2018-05-16","vst_YELL_2018","D12","YELL","YELL_016",,"NEON.PLA.D12.YELL.00071",,"ok","small shrub","Live",,,0.9,0.0,,,1.8,1.7,,"ellipsoid or sphere",1.9,10,,,,"abingenheimer@battelleecology.org","Bfischer@battelleecology.org",
"33a7c76e-f8be-4c9b-b431-ea649a91e4eb","YELL_016.basePlot.vst","2018-05-16","vst_YELL_2018","D12","YELL","YELL_016",,"NEON.PLA.D12.YELL.00072",,"ok","small shrub","Standing dead",,,0.4,0.0,,,0.7,0.6,,"ellipsoid or sphere",1.6,10,,,,"abingenheimer@battelleecology.org","Bfischer@battelleecology.org",
"0e3310cb-79e8-4260-a554-8f5c436c5afe","YELL_016.basePlot.vst","2018-05-16","vst_YELL_2018","D12","YELL","YELL_016",,"NEON.PLA.D12.YELL.00074",,"ok","small shrub","Live",,,0.7,0.0,,,1.0,0.9,,"ellipsoid or sphere",5.1,10,,,,"abingenheimer@battelleecology.org","Bfischer@battelleecology.org",
"35bee4ce-7805-49f5-8a0c-ffbb68378800","YELL_016.basePlot.vst","2018-05-16","vst_YELL_2018","D12","YELL","YELL_016",,"NEON.PLA.D12.YELL.00065",,"ok","small shrub","Live",,,0.5,0.0,,,1.1,0.5,,"ellipsoid or sphere",1.8,10,,,,"abingenheimer@battelleecology.org","Bfischer@battelleecology.org",
"327f0dce-3dab-4806-b385-017e1e4d768b","YELL_016.basePlot.vst","2018-05-16","vst_YELL_2018","D12","YELL","YELL_016",,"NEON.PLA.D12.YELL.00068",,"ok","small shrub","Live",,,0.7,0.0,,,1.4,1.3,,"ellipsoid or sphere",3.6,10,,,,"abingenheimer@battelleecology.org","Bfischer@battelleecology.org",
"4fbcad9c-95fe-4286-9d23-4a8c9e5a4fb8","YELL_016.basePlot.vst","2018-05-16","vst_YELL_2018","D12","YELL","YELL_016",,"NEON.PLA.D12.YELL.00061",,"ok","small shrub","Live",,,0.8,0.0,,,1.2,1.1,,"ellipsoid or sphere",2.6,10,,,,"abingenheimer@battelleecology.org","Bfischer@battelleecology.org",
"a62d6510-622f-40af-b865-e17072470f3b","YELL_016.basePlot.vst","2018-05-16","vst_YELL_2018","D12","YELL","YELL_016",,"NEON.PLA.D12.YELL.00066",,"ok","small shrub","Live",,,0.6,0.0,,,0.7,0.7,,"ellipsoid or sphere",1.2,10,,,,"abingenheimer@battelleecology.org","Bfischer@battelleecology.org",
"18d6067f-ecd0-41d6-9604-55b2dc2ba49d","YELL_016.basePlot.vst","2018-05-16","vst_YELL_2018","D12","YELL","YELL_016",,"NEON.PLA.D12.YELL.00064",,"ok","small shrub","Live",,,0.4,0.0,,,0.8,0.4,,"ellipsoid or sphere",2.6,10,,,,"abingenheimer@battelleecology.org","Bfischer@battelleecology.org",
"0c790d2f-3635-4f8f-a962-dd5196b25059","YELL_016.basePlot.vst","2018-05-16","vst_YELL_2018","D12","YELL","YELL_016",,"NEON.PLA.D12.YELL.00062",,"ok","small shrub","Live",,,0.6,0.0,,,1.6,1.4,,"ellipsoid or sphere",3.2,10,,,,"abingenheimer@battelleecology.org","Bfischer@battelleecology.org",
"f1708d89-f68c-4eb3-80d4-b0ee6535964a","YELL_016.basePlot.vst","2018-05-16","vst_YELL_2018","D12","YELL","YELL_016",,"NEON.PLA.D12.YELL.00062",,"ok","small shrub","Live",,,0.6,0.0,,,1.6,1.4,,"ellipsoid or sphere",1.8,10,,,,"abingenheimer@battelleecology.org","Bfischer@battelleecology.org",
"58c6c272-ac10-4cec-8709-29eecc8bfbe5","YELL_016.basePlot.vst","2018-05-16","vst_YELL_2018","D12","YELL","YELL_016",,"NEON.PLA.D12.YELL.00071",,"ok","small shrub","Live",,,0.9,0.0,,,1.8,1.7,,"ellipsoid or sphere",5.4,10,,,,"abingenheimer@battelleecology.org","Bfischer@battelleecology.org",
"5753540d-9f85-4bef-a137-4669623deaff","YELL_016.basePlot.vst","2018-05-16","vst_YELL_2018","D12","YELL","YELL_016",,"NEON.PLA.D12.YELL.00059",,"ok","small shrub","Live",,,0.4,0.0,,,1.1,0.7,,"ellipsoid or sphere",2.3,10,,,,"abingenheimer@battelleecology.org","Bfischer@battelleecology.org",
"8ac6d542-1849-4162-b8b6-5050d0049b56","YELL_016.basePlot.vst","2018-05-16","vst_YELL_2018","D12","YELL","YELL_016",,"NEON.PLA.D12.YELL.00065",,"ok","small shrub","Live",,,0.5,0.0,,,1.1,0.5,,"ellipsoid or sphere",1.4,10,,,,"abingenheimer@battelleecology.org","Bfischer@battelleecology.org",
"3bc771a6-efe2-4556-891b-86fb64bf2328","YELL_016.basePlot.vst","2018-05-16","vst_YELL_2018","D12","YELL","YELL_016",,"NEON.PLA.D12.YELL.00064",,"ok","small shrub","Standing dead",,,0.4,0.0,,,0.8,0.4,,"ellipsoid or sphere",3.5,10,,,,"abingenheimer@battelleecology.org","Bfischer@battelleecology.org",
"18f177d8-0d5a-413c-a118-34d6dffc0e3a","YELL_016.basePlot.vst","2018-05-16","vst_YELL_2018","D12","YELL","YELL_016",,"NEON.PLA.D12.YELL.00070",,"ok","small shrub","Standing dead",,,0.2,0.0,,,0.2,0.1,,"ellipsoid or sphere",1.1,10,,,,"abingenheimer@battelleecology.org","Bfischer@battelleecology.org",
"bfc2af8b-a64d-4633-95f6-aae9d8c74bd7","YELL_013.basePlot.vst","2018-05-17","vst_YELL_2018","D12","YELL","YELL_013",,"NEON.PLA.D12.YELL.00084",,"ok","small shrub","Live",,,0.7,0.0,,,1.1,1.0,,"ellipsoid or sphere",3.5,10,,,,"abingenheimer@battelleecology.org","dweller@Battelleecology.org",
"2231186b-527b-4fa8-b8e4-72307b6ef8f1","YELL_013.basePlot.vst","2018-05-17","vst_YELL_2018","D12","YELL","YELL_013",,"NEON.PLA.D12.YELL.00090",,"ok","single shrub","Standing dead",2.1,10,0.2,0.0,,,0.4,0.1,,"ellipsoid or sphere",2.1,10,,,,"jborra@battelleecology.org","Bfischer@battelleecology.org",
"2fc4f48e-716e-4589-b017-04b6883824e9","YELL_013.basePlot.vst","2018-05-17","vst_YELL_2018","D12","YELL","YELL_013",,"NEON.PLA.D12.YELL.00081",,"ok","small shrub","Live",,,0.5,0.0,,,0.9,0.7,,"ellipsoid or sphere",1.2,10,,,,"abingenheimer@battelleecology.org","dweller@Battelleecology.org",
"a113bdf0-e975-4503-802c-7ed12539f1e9","YELL_013.basePlot.vst","2018-05-17","vst_YELL_2018","D12","YELL","YELL_013",,"NEON.PLA.D12.YELL.00076",,"ok","small shrub","Live",,,0.4,0.0,,,0.5,0.3,,"ellipsoid or sphere",1.5,10,,,,"abingenheimer@battelleecology.org","dweller@Battelleecology.org",
"95832b8f-45f1-44d2-b481-accec5410090","YELL_013.basePlot.vst","2018-05-17","vst_YELL_2018","D12","YELL","YELL_013",,"NEON.PLA.D12.YELL.00087",,"ok","small shrub","Live",,,0.5,0.0,,,0.8,0.3,,"ellipsoid or sphere",1.9,10,,,,"jborra@battelleecology.org","Bfischer@battelleecology.org",
"710b41c6-74ad-4ff8-a046-28cbacba488c","YELL_013.basePlot.vst","2018-05-17","vst_YELL_2018","D12","YELL","YELL_013",,"NEON.PLA.D12.YELL.00083",,"ok","small shrub","Live",,,0.5,0.0,,,0.5,0.4,,"ellipsoid or sphere",1.6,10,,,,"abingenheimer@battelleecology.org","dweller@Battelleecology.org",
"ffaa1bdc-2eec-46dd-a0ed-571a23902e74","YELL_013.basePlot.vst","2018-05-17","vst_YELL_2018","D12","YELL","YELL_013",,"NEON.PLA.D12.YELL.00091",,"ok","small shrub","Live",,,0.3,0.0,,,0.7,0.4,,"ellipsoid or sphere",1.0,10,,,,"jborra@battelleecology.org","Bfischer@battelleecology.org",
"f54c091a-88da-40f6-a54f-de92ff6f2bbb","YELL_013.basePlot.vst","2018-05-17","vst_YELL_2018","D12","YELL","YELL_013",,"NEON.PLA.D12.YELL.00081",,"ok","small shrub","Live",,,0.5,0.0,,,0.9,0.7,,"ellipsoid or sphere",1.6,10,,,,"abingenheimer@battelleecology.org","dweller@Battelleecology.org",
"df4e2086-233b-40b2-a946-23f9a3246669","YELL_013.basePlot.vst","2018-05-17","vst_YELL_2018","D12","YELL","YELL_013",,"NEON.PLA.D12.YELL.00082",,"ok","small shrub","Live",,,0.6,0.0,,,0.9,0.9,,"ellipsoid or sphere",1.1,10,,,,"abingenheimer@battelleecology.org","dweller@Battelleecology.org",
"81fbb1f1-f649-4885-b480-f3a3ae655a1d","YELL_013.basePlot.vst","2018-05-17","vst_YELL_2018","D12","YELL","YELL_013",,"NEON.PLA.D12.YELL.00101",,"ok","small shrub","Live",,,0.5,0.0,,,0.9,0.5,,"ellipsoid or sphere",1.7,10,,,,"jborra@battelleecology.org","Bfischer@battelleecology.org",
"b9120d04-75b5-4822-8a5a-156adadcbcc5","YELL_013.basePlot.vst","2018-05-17","vst_YELL_2018","D12","YELL","YELL_013",,"NEON.PLA.D12.YELL.00077",,"ok","small shrub","Standing dead",,,0.1,0.0,,,0.4,0.1,,"ellipsoid or sphere",1.4,10,,,,"abingenheimer@battelleecology.org","dweller@Battelleecology.org",
"5f338e46-e052-46c5-baa8-297c793e4296","YELL_013.basePlot.vst","2018-05-17","vst_YELL_2018","D12","YELL","YELL_013",,"NEON.PLA.D12.YELL.00097",,"ok","small shrub","Live",,,0.8,0.0,,,1.0,0.6,,"ellipsoid or sphere",2.2,10,,,,"jborra@battelleecology.org","Bfischer@battelleecology.org",
"a9c8f5db-2e3c-4330-add6-9893d8514424","YELL_013.basePlot.vst","2018-05-17","vst_YELL_2018","D12","YELL","YELL_013",,"NEON.PLA.D12.YELL.00075",,"ok","small shrub","Standing dead",,,1.7,0.0,,,0.3,0.1,,"ellipsoid or sphere",2.3,10,,,,"abingenheimer@battelleecology.org","dweller@Battelleecology.org",
"f7c48d79-9bbc-4383-b72d-ecda560a284f","YELL_013.basePlot.vst","2018-05-17","vst_YELL_2018","D12","YELL","YELL_013",,"NEON.PLA.D12.YELL.00088",,"ok","small shrub","Live",,,0.2,0.0,,,0.5,0.4,,"ellipsoid or sphere",1.6,10,,,,"jborra@battelleecology.org","Bfischer@battelleecology.org",
"08fc45ae-0ddc-470d-a82d-3b50065eb45e","YELL_013.basePlot.vst","2018-05-17","vst_YELL_2018","D12","YELL","YELL_013",,"NEON.PLA.D12.YELL.00084",,"ok","small shrub","Live",,,0.7,0.0,,,1.1,1.0,,"ellipsoid or sphere",4.0,10,,,,"abingenheimer@battelleecology.org","dweller@Battelleecology.org",
"0f475fcd-dac1-49f8-9c3e-64f54caae1e0","YELL_013.basePlot.vst","2018-05-17","vst_YELL_2018","D12","YELL","YELL_013",,"NEON.PLA.D12.YELL.00100",,"ok","small shrub","Live",,,0.6,0.0,,,0.9,0.8,,"ellipsoid or sphere",1.8,10,,,,"jborra@battelleecology.org","Bfischer@battelleecology.org",
"febcea34-90ee-4fa2-942c-30ca013d634e","YELL_013.basePlot.vst","2018-05-17","vst_YELL_2018","D12","YELL","YELL_013",,"NEON.PLA.D12.YELL.00081",,"ok","small shrub","Live",,,0.5,0.0,,,0.9,0.7,,"ellipsoid or sphere",1.1,10,,,,"abingenheimer@battelleecology.org","dweller@Battelleecology.org",
"05c82cfe-d4c2-47df-9ba5-0c7288293b27","YELL_013.basePlot.vst","2018-05-17","vst_YELL_2018","D12","YELL","YELL_013",,"NEON.PLA.D12.YELL.00087",,"ok","small shrub","Live",,,0.5,0.0,,,0.8,0.3,,"ellipsoid or sphere",1.9,10,,,,"jborra@battelleecology.org","Bfischer@battelleecology.org",
"b0f1d390-4b39-4c88-8adb-d4e85a89dd07","YELL_013.basePlot.vst","2018-05-17","vst_YELL_2018","D12","YELL","YELL_013",,"NEON.PLA.D12.YELL.00083",,"ok","small shrub","Live",,,0.5,0.0,,,0.5,0.4,,"ellipsoid or sphere",1.6,10,,,,"abingenheimer@battelleecology.org","dweller@Battelleecology.org",
"e765a316-649a-42ba-bc8e-20b172ada2e7","YELL_013.basePlot.vst","2018-05-17","vst_YELL_2018","D12","YELL","YELL_013",,"NEON.PLA.D12.YELL.00084",,"ok","small shrub","Live",,,0.7,0.0,,,1.1,1.0,,"ellipsoid or sphere",4.4,10,,,,"abingenheimer@battelleecology.org","dweller@Battelleecology.org",
"990f46c4-5176-4eb1-b1a9-51ad948c6b50","YELL_013.basePlot.vst","2018-05-17","vst_YELL_2018","D12","YELL","YELL_013",,"NEON.PLA.D12.YELL.00100",,"ok","small shrub","Live",,,0.6,0.0,,,0.9,0.8,,"ellipsoid or sphere",1.5,10,,,,"jborra@battelleecology.org","Bfischer@battelleecology.org",
"11d894f3-4a46-4a7c-8dc0-8e8f55e0bbcf","YELL_013.basePlot.vst","2018-05-17","vst_YELL_2018","D12","YELL","YELL_013",,"NEON.PLA.D12.YELL.00081",,"ok","small shrub","Live",,,0.5,0.0,,,0.9,0.7,,"ellipsoid or sphere",1.1,10,,,,"abingenheimer@battelleecology.org","dweller@Battelleecology.org",
"4bde3d07-a80d-4630-aca4-3e719aab7841","YELL_013.basePlot.vst","2018-05-17","vst_YELL_2018","D12","YELL","YELL_013",,"NEON.PLA.D12.YELL.00085",,"ok","small shrub","Live",,,0.8,0.0,,,1.2,0.7,,"ellipsoid or sphere",1.5,10,,,,"abingenheimer@battelleecology.org","dweller@Battelleecology.org",
"944e3dcd-15b2-4fca-a82a-697a16543b29","YELL_013.basePlot.vst","2018-05-17","vst_YELL_2018","D12","YELL","YELL_013",,"NEON.PLA.D12.YELL.00085",,"ok","small shrub","Live",,,0.8,0.0,,,1.2,0.7,,"ellipsoid or sphere",1.7,10,,,,"abingenheimer@battelleecology.org","dweller@Battelleecology.org",
"cbe0069f-95f3-4582-b8fd-f4be09b50435","YELL_013.basePlot.vst","2018-05-17","vst_YELL_2018","D12","YELL","YELL_013",,"NEON.PLA.D12.YELL.00079",,"ok","small shrub","Live",,,0.5,0.1,,,0.4,0.4,,"ellipsoid or sphere",2.7,10,,,,"abingenheimer@battelleecology.org","dweller@Battelleecology.org",
"b618aa9b-ce1c-4848-b606-ee82a29e3b17","YELL_013.basePlot.vst","2018-05-17","vst_YELL_2018","D12","YELL","YELL_013",,"NEON.PLA.D12.YELL.00097",,"ok","small shrub","Live",,,0.8,0.0,,,1.0,0.6,,"ellipsoid or sphere",3.5,10,,,,"jborra@battelleecology.org","Bfischer@battelleecology.org",
"cbfe76f9-e874-4e42-8da7-170eb5926583","YELL_013.basePlot.vst","2018-05-17","vst_YELL_2018","D12","YELL","YELL_013",,"NEON.PLA.D12.YELL.00078",,"ok","small shrub","Live",,,0.4,0.0,,,0.4,0.2,,"ellipsoid or sphere",1.1,10,,,,"abingenheimer@battelleecology.org","dweller@Battelleecology.org",
"5df11efb-16a0-4d83-bb07-2896def57bd7","YELL_013.basePlot.vst","2018-05-17","vst_YELL_2018","D12","YELL","YELL_013",,"NEON.PLA.D12.YELL.00084",,"ok","small shrub","Live",,,0.7,0.0,,,1.1,1.0,,"ellipsoid or sphere",1.7,10,,,,"abingenheimer@battelleecology.org","dweller@Battelleecology.org",
"ff5500a0-3bab-4b90-a9e8-a3352796613a","YELL_013.basePlot.vst","2018-05-17","vst_YELL_2018","D12","YELL","YELL_013",,"NEON.PLA.D12.YELL.00085",,"ok","small shrub","Live",,,0.8,0.0,,,1.2,0.7,,"ellipsoid or sphere",1.1,10,,,,"abingenheimer@battelleecology.org","dweller@Battelleecology.org",
"3e7d21e3-5ae4-427d-8173-3e0527ab660c","YELL_013.basePlot.vst","2018-05-17","vst_YELL_2018","D12","YELL","YELL_013",,"NEON.PLA.D12.YELL.00103",,"ok","small shrub","Live",,,0.4,0.0,,,0.3,0.2,,"ellipsoid or sphere",1.1,10,,,,"jborra@battelleecology.org","Bfischer@battelleecology.org",
"52c30957-164d-4eb8-b60a-b961dc0c5e74","YELL_013.basePlot.vst","2018-05-17","vst_YELL_2018","D12","YELL","YELL_013",,"NEON.PLA.D12.YELL.00076",,"ok","small shrub","Live",,,0.4,0.0,,,0.5,0.3,,"ellipsoid or sphere",2.1,10,,,,"abingenheimer@battelleecology.org","dweller@Battelleecology.org",
"85efb87a-d9d5-47f5-b0bf-3ca307757742","YELL_013.basePlot.vst","2018-05-17","vst_YELL_2018","D12","YELL","YELL_013",,"NEON.PLA.D12.YELL.00082",,"ok","small shrub","Live",,,0.6,0.0,,,0.9,0.9,,"ellipsoid or sphere",3.5,10,,,,"abingenheimer@battelleecology.org","dweller@Battelleecology.org",
"aec69611-7115-4ce3-ba74-1006140ad1ac","YELL_013.basePlot.vst","2018-05-17","vst_YELL_2018","D12","YELL","YELL_013",,"NEON.PLA.D12.YELL.00098",,"ok","small shrub","Live",,,0.7,0.0,,,1.0,0.8,,"ellipsoid or sphere",1.6,10,,,,"jborra@battelleecology.org","Bfischer@battelleecology.org",
"6c1ee883-4a49-4497-a24e-028f820ad4b7","YELL_013.basePlot.vst","2018-05-17","vst_YELL_2018","D12","YELL","YELL_013",,"NEON.PLA.D12.YELL.00095",,"ok","small shrub","Standing dead",,,3.0,0.0,,,0.3,0.3,,"ellipsoid or sphere",1.3,10,,,,"jborra@battelleecology.org","Bfischer@battelleecology.org",
"d575150f-75a3-4aa8-9c63-0869aac708ce","YELL_013.basePlot.vst","2018-05-17","vst_YELL_2018","D12","YELL","YELL_013",,"NEON.PLA.D12.YELL.00089",,"ok","small shrub","Live",,,0.2,0.0,,,0.6,0.4,,"ellipsoid or sphere",1.9,10,,,,"jborra@battelleecology.org","Bfischer@battelleecology.org",
"49c8b404-524b-458b-a768-c42476e99954","YELL_013.basePlot.vst","2018-05-17","vst_YELL_2018","D12","YELL","YELL_013",,"NEON.PLA.D12.YELL.00094",,"ok","small shrub","Live",,,0.4,0.0,,,0.5,0.3,,"ellipsoid or sphere",1.5,10,,,,"jborra@battelleecology.org","Bfischer@battelleecology.org",
"47ba421c-9dcf-49e3-9915-23fd8fcdd655","YELL_013.basePlot.vst","2018-05-17","vst_YELL_2018","D12","YELL","YELL_013",,"NEON.PLA.D12.YELL.00098",,"ok","small shrub","Live",,,0.7,0.0,,,1.0,0.8,,"ellipsoid or sphere",1.8,10,,,,"jborra@battelleecology.org","Bfischer@battelleecology.org",
"4ed7243c-fb38-484b-9dfc-f602666269c2","YELL_013.basePlot.vst","2018-05-17","vst_YELL_2018","D12","YELL","YELL_013",,"NEON.PLA.D12.YELL.00101",,"ok","small shrub","Live",,,0.5,0.0,,,0.9,0.5,,"ellipsoid or sphere",1.5,10,,,,"jborra@battelleecology.org","Bfischer@battelleecology.org",
"248c1bb3-c9be-40c7-bd67-d93902043343","YELL_013.basePlot.vst","2018-05-17","vst_YELL_2018","D12","YELL","YELL_013",,"NEON.PLA.D12.YELL.00087",,"ok","small shrub","Live",,,0.5,0.0,,,0.8,0.3,,"ellipsoid or sphere",1.5,10,,,,"jborra@battelleecology.org","Bfischer@battelleecology.org",
"756bd1d1-1bab-4ae1-8523-d2c75da584a2","YELL_013.basePlot.vst","2018-05-17","vst_YELL_2018","D12","YELL","YELL_013",,"NEON.PLA.D12.YELL.00103",,"ok","small shrub","Standing dead",,,0.4,0.0,,,0.3,0.2,,"ellipsoid or sphere",1.1,10,,,,"jborra@battelleecology.org","Bfischer@battelleecology.org",
"efe47f30-f182-4c9b-a9da-a155d53c22ed","YELL_013.basePlot.vst","2018-05-17","vst_YELL_2018","D12","YELL","YELL_013",,"NEON.PLA.D12.YELL.00078",,"ok","small shrub","Live",,,0.4,0.0,,,0.4,0.2,,"ellipsoid or sphere",2.2,10,,,,"abingenheimer@battelleecology.org","dweller@Battelleecology.org",
"3ce64aba-94fc-4856-89af-145dcdc3bff9","YELL_013.basePlot.vst","2018-05-17","vst_YELL_2018","D12","YELL","YELL_013",,"NEON.PLA.D12.YELL.00082",,"ok","small shrub","Live",,,0.6,0.0,,,0.9,0.9,,"ellipsoid or sphere",1.9,10,,,,"abingenheimer@battelleecology.org","dweller@Battelleecology.org",
"2d2c7bbb-64d6-4dab-be75-0cb742a59299","YELL_013.basePlot.vst","2018-05-17","vst_YELL_2018","D12","YELL","YELL_013",,"NEON.PLA.D12.YELL.00081",,"ok","small shrub","Live",,,0.5,0.0,,,0.9,0.7,,"ellipsoid or sphere",1.3,10,,,,"abingenheimer@battelleecology.org","dweller@Battelleecology.org",
"875f5af3-fa0f-4253-98fd-1a182d8110be","YELL_013.basePlot.vst","2018-05-17","vst_YELL_2018","D12","YELL","YELL_013",,"NEON.PLA.D12.YELL.00102",,"ok","small shrub","Live",,,0.8,0.0,,,0.7,0.5,,"ellipsoid or sphere",5.6,10,,,,"jborra@battelleecology.org","Bfischer@battelleecology.org",
"50ee36f2-8f92-4534-bf34-1e12d92fbf50","YELL_013.basePlot.vst","2018-05-17","vst_YELL_2018","D12","YELL","YELL_013",,"NEON.PLA.D12.YELL.00081",,"ok","small shrub","Live",,,0.5,0.0,,,0.9,0.7,,"ellipsoid or sphere",1.7,10,,,,"abingenheimer@battelleecology.org","dweller@Battelleecology.org",
"009fd84e-3efd-4ad5-8f8a-27cfb6f9706b","YELL_013.basePlot.vst","2018-05-17","vst_YELL_2018","D12","YELL","YELL_013",,"NEON.PLA.D12.YELL.00098",,"ok","small shrub","Live",,,0.7,0.0,,,1.0,0.8,,"ellipsoid or sphere",1.1,10,,,,"jborra@battelleecology.org","Bfischer@battelleecology.org",
"f8b69f0a-3f87-4281-8826-c2b559348594","YELL_013.basePlot.vst","2018-05-17","vst_YELL_2018","D12","YELL","YELL_013",,"NEON.PLA.D12.YELL.00085",,"ok","small shrub","Live",,,0.8,0.0,,,1.2,0.7,,"ellipsoid or sphere",1.8,10,,,,"abingenheimer@battelleecology.org","dweller@Battelleecology.org",
"57069a5f-c013-44d2-ba13-4f3b56af8a07","YELL_013.basePlot.vst","2018-05-17","vst_YELL_2018","D12","YELL","YELL_013",,"NEON.PLA.D12.YELL.00091",,"ok","small shrub","Standing dead",,,0.3,0.0,,,0.7,0.4,,"ellipsoid or sphere",1.1,10,,,,"jborra@battelleecology.org","Bfischer@battelleecology.org",
"d86ef990-b2a7-49ab-8ac9-1a493fa1dc02","YELL_013.basePlot.vst","2018-05-17","vst_YELL_2018","D12","YELL","YELL_013",,"NEON.PLA.D12.YELL.00098",,"ok","small shrub","Live",,,0.7,0.0,,,1.0,0.8,,"ellipsoid or sphere",1.2,10,,,,"jborra@battelleecology.org","Bfischer@battelleecology.org",
"6ce8cff4-dbe6-4be9-b3db-7e7b2aa58649","YELL_013.basePlot.vst","2018-05-17","vst_YELL_2018","D12","YELL","YELL_013",,"NEON.PLA.D12.YELL.00080",,"ok","small shrub","Live",,,0.5,0.0,,,0.5,0.5,,"ellipsoid or sphere",1.3,10,,,,"abingenheimer@battelleecology.org","dweller@Battelleecology.org",
"6b0c8b55-a0cc-41ac-ac64-77134867e163","YELL_013.basePlot.vst","2018-05-17","vst_YELL_2018","D12","YELL","YELL_013",,"NEON.PLA.D12.YELL.00092",,"ok","small shrub","Live",,,0.4,0.0,,,0.5,0.5,,"ellipsoid or sphere",2.0,10,,,,"jborra@battelleecology.org","Bfischer@battelleecology.org",
"47c6cee3-7f87-433f-b5c5-3edadb4f5ff6","YELL_013.basePlot.vst","2018-05-17","vst_YELL_2018","D12","YELL","YELL_013",,"NEON.PLA.D12.YELL.00082",,"ok","small shrub","Live",,,0.6,0.0,,,0.9,0.9,,"ellipsoid or sphere",1.5,10,,,,"abingenheimer@battelleecology.org","dweller@Battelleecology.org",
"8b3bcbd6-99a4-488b-ab56-c9833a87b393","YELL_013.basePlot.vst","2018-05-17","vst_YELL_2018","D12","YELL","YELL_013",,"NEON.PLA.D12.YELL.00100",,"ok","small shrub","Live",,,0.6,0.0,,,0.9,0.8,,"ellipsoid or sphere",1.6,10,,,,"jborra@battelleecology.org","Bfischer@battelleecology.org",
"67420924-e97b-449e-8975-9220c95fe46b","YELL_013.basePlot.vst","2018-05-17","vst_YELL_2018","D12","YELL","YELL_013",,"NEON.PLA.D12.YELL.00097",,"ok","small shrub","Live",,,0.8,0.0,,,1.0,0.6,,"ellipsoid or sphere",1.8,10,,,,"jborra@battelleecology.org","Bfischer@battelleecology.org",
"00f1877e-d965-4149-a093-49d3f1d9de2b","YELL_013.basePlot.vst","2018-05-17","vst_YELL_2018","D12","YELL","YELL_013",,"NEON.PLA.D12.YELL.00081",,"ok","small shrub","Live",,,0.5,0.0,,,0.9,0.7,,"ellipsoid or sphere",1.2,10,,,,"abingenheimer@battelleecology.org","dweller@Battelleecology.org",
"85d5be90-699c-49bc-9699-9f835b9dd457","YELL_013.basePlot.vst","2018-05-17","vst_YELL_2018","D12","YELL","YELL_013",,"NEON.PLA.D12.YELL.00086",,"ok","small shrub","Live",,,1.1,0.0,,,0.9,0.5,,"ellipsoid or sphere",3.7,10,,,,"abingenheimer@battelleecology.org","dweller@Battelleecology.org",
"5e876203-27f7-4602-885f-322ef5c6741d","YELL_013.basePlot.vst","2018-05-17","vst_YELL_2018","D12","YELL","YELL_013",,"NEON.PLA.D12.YELL.00091",,"ok","small shrub","Live",,,0.3,0.0,,,0.7,0.4,,"ellipsoid or sphere",1.3,10,,,,"jborra@battelleecology.org","Bfischer@battelleecology.org",
"cca3cce6-67d1-47e0-82dd-8ad7541c2435","YELL_013.basePlot.vst","2018-05-17","vst_YELL_2018","D12","YELL","YELL_013",,"NEON.PLA.D12.YELL.00098",,"ok","small shrub","Live",,,0.7,0.0,,,1.0,0.8,,"ellipsoid or sphere",1.8,10,,,,"jborra@battelleecology.org","Bfischer@battelleecology.org",
"6f731b33-1c4d-4c4c-89fd-74c6f8cd8538","YELL_013.basePlot.vst","2018-05-17","vst_YELL_2018","D12","YELL","YELL_013",,"NEON.PLA.D12.YELL.00052",,"ok","small shrub","Standing dead",,,0.4,0.0,,,0.8,0.8,,"ellipsoid or sphere",7.1,10,,,,"abingenheimer@battelleecology.org","dweller@Battelleecology.org",
"200a1ff6-8158-4498-b0ba-d0d35ee72197","YELL_013.basePlot.vst","2018-05-17","vst_YELL_2018","D12","YELL","YELL_013",,"NEON.PLA.D12.YELL.00076",,"ok","small shrub","Standing dead",,,0.4,0.0,,,0.5,0.3,,"ellipsoid or sphere",1.3,10,,,,"abingenheimer@battelleecology.org","dweller@Battelleecology.org",
"b973ecdd-8cb8-4340-9bc9-ec02d547eddf","YELL_013.basePlot.vst","2018-05-17","vst_YELL_2018","D12","YELL","YELL_013",,"NEON.PLA.D12.YELL.00093",,"ok","small shrub","Live",,,0.2,0.0,,,0.3,0.2,,"ellipsoid or sphere",2.4,10,,,,"jborra@battelleecology.org","Bfischer@battelleecology.org",
"fc3a0ee1-491f-4978-a5a0-8792e3e8d480","YELL_013.basePlot.vst","2018-05-17","vst_YELL_2018","D12","YELL","YELL_013",,"NEON.PLA.D12.YELL.00080",,"ok","small shrub","Live",,,0.5,0.0,,,0.5,0.5,,"ellipsoid or sphere",2.0,10,,,,"abingenheimer@battelleecology.org","dweller@Battelleecology.org",
"3cfb375f-84e2-41c1-8791-c1b174c5c70b","YELL_013.basePlot.vst","2018-05-17","vst_YELL_2018","D12","YELL","YELL_013",,"NEON.PLA.D12.YELL.00081",,"ok","small shrub","Standing dead",,,0.5,0.0,,,0.9,0.7,,"ellipsoid or sphere",1.4,10,,,,"abingenheimer@battelleecology.org","dweller@Battelleecology.org",
"084573a1-4a2c-4801-aafc-3e968f5206bc","YELL_013.basePlot.vst","2018-05-17","vst_YELL_2018","D12","YELL","YELL_013",,"NEON.PLA.D12.YELL.00082",,"ok","small shrub","Live",,,0.6,0.0,,,0.9,0.9,,"ellipsoid or sphere",2.3,10,,,,"abingenheimer@battelleecology.org","dweller@Battelleecology.org",
"ea31d81f-744e-41c9-8e1f-f844419f3632","YELL_013.basePlot.vst","2018-05-17","vst_YELL_2018","D12","YELL","YELL_013",,"NEON.PLA.D12.YELL.00082",,"ok","small shrub","Live",,,0.6,0.0,,,0.9,0.9,,"ellipsoid or sphere",1.6,10,,,,"abingenheimer@battelleecology.org","dweller@Battelleecology.org",
"67e0708f-5713-4761-b9c1-2f99b7c28827","YELL_013.basePlot.vst","2018-05-17","vst_YELL_2018","D12","YELL","YELL_013",,"NEON.PLA.D12.YELL.00080",,"ok","small shrub","Live",,,0.5,0.0,,,0.5,0.5,,"ellipsoid or sphere",2.4,10,,,,"abingenheimer@battelleecology.org","dweller@Battelleecology.org",
"84e890d3-8c7e-4ce3-8899-6c6ca58f9be5","YELL_013.basePlot.vst","2018-05-17","vst_YELL_2018","D12","YELL","YELL_013",,"NEON.PLA.D12.YELL.00094",,"ok","small shrub","Live",,,0.4,0.0,,,0.5,0.3,,"ellipsoid or sphere",1.1,10,,,,"jborra@battelleecology.org","Bfischer@battelleecology.org",
"8fa5a6c3-783e-494a-b6ec-070606372885","YELL_013.basePlot.vst","2018-05-17","vst_YELL_2018","D12","YELL","YELL_013",,"NEON.PLA.D12.YELL.00099",,"ok","small shrub","Live",,,0.6,0.0,,,1.0,0.7,,"ellipsoid or sphere",2.3,10,,,,"jborra@battelleecology.org","Bfischer@battelleecology.org",
"3e88edeb-8f78-46ad-bdde-eacbf2f8fd90","YELL_013.basePlot.vst","2018-05-17","vst_YELL_2018","D12","YELL","YELL_013",,"NEON.PLA.D12.YELL.00082",,"ok","small shrub","Live",,,0.6,0.0,,,0.9,0.9,,"ellipsoid or sphere",2.1,10,,,,"abingenheimer@battelleecology.org","dweller@Battelleecology.org",
"06b7b4d0-d5cb-443c-9215-e368a57b9b40","YELL_013.basePlot.vst","2018-05-17","vst_YELL_2018","D12","YELL","YELL_013",,"NEON.PLA.D12.YELL.00087",,"ok","small shrub","Live",,,0.5,0.0,,,0.8,0.3,,"ellipsoid or sphere",1.6,10,,,,"jborra@battelleecology.org","Bfischer@battelleecology.org",
"60734f70-44a2-426c-8031-5a63a64ca5b0","YELL_013.basePlot.vst","2018-05-17","vst_YELL_2018","D12","YELL","YELL_013",,"NEON.PLA.D12.YELL.00098",,"ok","small shrub","Live",,,0.7,0.0,,,1.0,0.8,,"ellipsoid or sphere",2.0,10,,,,"jborra@battelleecology.org","Bfischer@battelleecology.org",
"09ed0279-094e-4918-ae3b-b9de3b8fd152","YELL_013.basePlot.vst","2018-05-17","vst_YELL_2018","D12","YELL","YELL_013",,"NEON.PLA.D12.YELL.00096",,"ok","small shrub","Live",,,0.4,0.0,,,0.3,0.2,,"ellipsoid or sphere",1.0,10,,,,"jborra@battelleecology.org","Bfischer@battelleecology.org",
"e4164f1e-59b6-4ac7-a7d1-2fb604c37577","YELL_013.basePlot.vst","2018-05-17","vst_YELL_2018","D12","YELL","YELL_013",,"NEON.PLA.D12.YELL.00098",,"ok","small shrub","Live",,,0.7,0.0,,,1.0,0.8,,"ellipsoid or sphere",1.1,10,,,,"jborra@battelleecology.org","Bfischer@battelleecology.org",
"b08641e9-fd5d-4078-a953-b57fadd3070c","YELL_013.basePlot.vst","2018-05-17","vst_YELL_2018","D12","YELL","YELL_013",,"NEON.PLA.D12.YELL.00091",,"ok","small shrub","Live",,,0.3,0.0,,,0.7,0.4,,"ellipsoid or sphere",1.9,10,,,,"jborra@battelleecology.org","Bfischer@battelleecology.org",
"68c1eb63-0c0e-484a-b0db-e88451157fc9","YELL_013.basePlot.vst","2018-05-17","vst_YELL_2018","D12","YELL","YELL_013",,"NEON.PLA.D12.YELL.00099",,"ok","small shrub","Live",,,0.6,0.0,,,1.0,0.7,,"ellipsoid or sphere",3.6,10,,,,"jborra@battelleecology.org","Bfischer@battelleecology.org",
"4fa3d913-f971-4faa-b7f8-4149d0ce7415","YELL_013.basePlot.vst","2018-05-17","vst_YELL_2018","D12","YELL","YELL_013",,"NEON.PLA.D12.YELL.00082",,"ok","small shrub","Live",,,0.6,0.0,,,0.9,0.9,,"ellipsoid or sphere",1.3,10,,,,"abingenheimer@battelleecology.org","dweller@Battelleecology.org",
"8f02e5d4-28f7-4d5e-9c17-adb1546f7d58","YELL_020.basePlot.vst","2018-05-22","vst_YELL_2018","D12","YELL","YELL_020",,"NEON.PLA.D12.YELL.00149",,"ok","single bole tree","Live",10.8,130,5.8,,,,2.1,1.6,"Full sun",,,,,,,"abingenheimer@battelleecology.org","bfischer@battelleecology.org",
"31bc2cc2-0db6-49a6-9316-017ec1e206fd","YELL_020.basePlot.vst","2018-05-22","vst_YELL_2018","D12","YELL","YELL_020",,"NEON.PLA.D12.YELL.00127",,"ok","single bole tree","Live",13.2,130,5.8,,,,3.0,2.4,"Full sun",,,,,,,"abingenheimer@battelleecology.org","bfischer@battelleecology.org",
"2f5cfbed-e378-4a22-a60b-ed9e3bfb08ae","YELL_020.basePlot.vst","2018-05-22","vst_YELL_2018","D12","YELL","YELL_020",,"NEON.PLA.D12.YELL.00120",,"ok","single bole tree","Live",13.4,130,6.0,,,,2.6,2.5,"Full sun",,,,,,,"abingenheimer@battelleecology.org","bfischer@battelleecology.org",
"61daae7a-1a2c-4088-831e-3d8372413970","YELL_020.basePlot.vst","2018-05-22","vst_YELL_2018","D12","YELL","YELL_020",,"NEON.PLA.D12.YELL.00115",,"ok","single bole tree","Live",11.5,130,4.3,,,,2.0,2.0,"Full sun",,,,,,,"abingenheimer@battelleecology.org","bfischer@battelleecology.org",
"fbe5e81d-5e67-4007-888d-ab365e53f413","YELL_020.basePlot.vst","2018-05-22","vst_YELL_2018","D12","YELL","YELL_020",,"NEON.PLA.D12.YELL.00144",,"ok","single bole tree","Live",12.1,130,5.1,,,,2.9,2.1,"Full sun",,,,,,,"abingenheimer@battelleecology.org","bfischer@battelleecology.org",
"a2c8bbf8-fe79-424f-a311-21e086bf8ff5","YELL_020.basePlot.vst","2018-05-22","vst_YELL_2018","D12","YELL","YELL_020",,"NEON.PLA.D12.YELL.00116",,"ok","single bole tree","Live",11.6,130,5.1,,,,,,"Full sun",,,,,,,"abingenheimer@battelleecology.org","bfischer@battelleecology.org",
"eb426f49-a34d-4ebd-8cea-380de40ca529","YELL_020.basePlot.vst","2018-05-22","vst_YELL_2018","D12","YELL","YELL_020",,"NEON.PLA.D12.YELL.00128",,"ok","single bole tree","Live",11.0,130,6.4,,,,2.9,2.4,"Full sun",,,,,,,"abingenheimer@battelleecology.org","bfischer@battelleecology.org",
"90134df6-23c3-44fc-9f9b-3b94db505c5f","YELL_020.basePlot.vst","2018-05-22","vst_YELL_2018","D12","YELL","YELL_020",,"NEON.PLA.D12.YELL.00121",,"ok","single bole tree","Live",10.8,130,5.4,,,,2.1,2.0,"Full sun",,,,,,,"abingenheimer@battelleecology.org","bfischer@battelleecology.org",
"4e5eb609-1a4d-4682-a7f6-73807b605a90","YELL_020.basePlot.vst","2018-05-22","vst_YELL_2018","D12","YELL","YELL_020",,"NEON.PLA.D12.YELL.00147",,"ok","single bole tree","Live",15.0,130,7.0,,,,2.8,2.7,"Full sun",,,,,,,"abingenheimer@battelleecology.org","bfischer@battelleecology.org",
"f2550f94-f3b5-4a6a-b326-61af3b9889fe","YELL_020.basePlot.vst","2018-05-22","vst_YELL_2018","D12","YELL","YELL_020",,"NEON.PLA.D12.YELL.00123",,"ok","single bole tree","Live",11.3,130,5.1,,,,3.0,2.6,"Full sun",,,,,,,"abingenheimer@battelleecology.org","bfischer@battelleecology.org",
"0a0a6d37-9cfa-4cdc-997d-51e7e4b40a93","YELL_020.basePlot.vst","2018-05-22","vst_YELL_2018","D12","YELL","YELL_020",,"NEON.PLA.D12.YELL.00146",,"ok","single bole tree","Live",17.0,130,7.8,,,,3.3,3.0,"Full sun",,,,,,,"abingenheimer@battelleecology.org","bfischer@battelleecology.org",
"58337d59-9323-48aa-8cd0-d97bf603b625","YELL_020.basePlot.vst","2018-05-22","vst_YELL_2018","D12","YELL","YELL_020",,"NEON.PLA.D12.YELL.00154",,"ok","single bole tree","Standing dead",31.5,130,14.9,,,,1.1,0.4,"Full sun",,,,,,,"abingenheimer@battelleecology.org","bfischer@battelleecology.org",
"49502cfd-b52d-4d69-ae34-4ab5689bfe60","YELL_020.basePlot.vst","2018-05-22","vst_YELL_2018","D12","YELL","YELL_020",,"NEON.PLA.D12.YELL.00124",,"ok","single bole tree","Live",14.9,130,7.1,,,,3.2,2.9,"Full sun",,,,,,,"abingenheimer@battelleecology.org","bfischer@battelleecology.org",
"5228b5ed-5841-403c-a3c8-264c0353cc0e","YELL_020.basePlot.vst","2018-05-22","vst_YELL_2018","D12","YELL","YELL_020",,"NEON.PLA.D12.YELL.00137",,"ok","single bole tree","Live",14.8,130,5.6,,,,3.3,3.0,"Full sun",,,,,,,"abingenheimer@battelleecology.org","bfischer@battelleecology.org",
"d6af49b0-ee89-440a-8e78-598fa4777e04","YELL_020.basePlot.vst","2018-05-22","vst_YELL_2018","D12","YELL","YELL_020",,"NEON.PLA.D12.YELL.00129",,"ok","single bole tree","Live",12.5,130,6.8,,,,2.6,2.5,"Full sun",,,,,,,"abingenheimer@battelleecology.org","bfischer@battelleecology.org",
"4aa9d18f-5688-40b7-86ec-90c5cb35cb4a","YELL_020.basePlot.vst","2018-05-22","vst_YELL_2018","D12","YELL","YELL_020",,"NEON.PLA.D12.YELL.00152",,"ok","single bole tree","Live",10.0,130,5.5,,,,1.9,1.8,"Full sun",,,,,,,"abingenheimer@battelleecology.org","bfischer@battelleecology.org",
"6cebe28f-c20c-4748-8539-ccc307ab2160","YELL_020.basePlot.vst","2018-05-22","vst_YELL_2018","D12","YELL","YELL_020",,"NEON.PLA.D12.YELL.00122",,"ok","single bole tree","Live",10.4,130,5.4,,,,,,"Full sun",,,,,,,"abingenheimer@battelleecology.org","bfischer@battelleecology.org",
"f155d696-1cc6-4cb0-a696-cd153a296171","YELL_020.basePlot.vst","2018-05-22","vst_YELL_2018","D12","YELL","YELL_020",,"NEON.PLA.D12.YELL.00125",,"ok","single bole tree","Live",13.5,130,5.9,,,,3.3,2.6,"Full sun",,,,,,,"abingenheimer@battelleecology.org","bfischer@battelleecology.org",
"5538d99f-d603-4b89-93d1-067aed3b5cd7","YELL_020.basePlot.vst","2018-05-22","vst_YELL_2018","D12","YELL","YELL_020",,"NEON.PLA.D12.YELL.00119",,"ok","single bole tree","Live",13.0,130,6.0,,,,2.5,2.1,"Full sun",,,,,,,"abingenheimer@battelleecology.org","bfischer@battelleecology.org",
"387c2a4f-413a-4510-b514-d9f3f8f5b637","YELL_020.basePlot.vst","2018-05-22","vst_YELL_2018","D12","YELL","YELL_020",,"NEON.PLA.D12.YELL.00141",,"ok","single bole tree","Live",11.5,130,4.0,,,,3.6,2.8,"Full sun",,,,,,,"abingenheimer@battelleecology.org","bfischer@battelleecology.org",
"c8992c2e-8380-4a30-ad84-f196873e8e9d","YELL_020.basePlot.vst","2018-05-22","vst_YELL_2018","D12","YELL","YELL_020",,"NEON.PLA.D12.YELL.00117",,"ok","single bole tree","Live",10.7,132,5.1,,,,2.0,1.5,"Full sun",,,,,,,"abingenheimer@battelleecology.org","bfischer@battelleecology.org",
"0d88a0c6-a574-4b00-a9dc-8993d953603a","YELL_020.basePlot.vst","2018-05-22","vst_YELL_2018","D12","YELL","YELL_020",,"NEON.PLA.D12.YELL.00145",,"ok","multi-bole tree","Live",15.3,130,6.2,,,,4.2,4.1,"Full sun",,,,,,,"abingenheimer@battelleecology.org","bfischer@battelleecology.org",
"5f9a8ede-eb56-4a7c-a738-5e1a6fe731f0","YELL_020.basePlot.vst","2018-05-22","vst_YELL_2018","D12","YELL","YELL_020",,"NEON.PLA.D12.YELL.00148",,"ok","single bole tree","Live",11.1,130,5.8,,,,2.9,2.5,"Full sun",,,,,,,"abingenheimer@battelleecology.org","bfischer@battelleecology.org",
"9ce3935f-3327-4d84-b18d-8586afec5288","YELL_020.basePlot.vst","2018-05-22","vst_YELL_2018","D12","YELL","YELL_020",,"NEON.PLA.D12.YELL.00140",,"ok","single bole tree","Live",11.8,130,5.9,,,,2.4,2.4,"Full sun",,,,,,,"abingenheimer@battelleecology.org","bfischer@battelleecology.org",
"f0745219-4db9-4046-bfb3-4dd0e28c2585","YELL_020.basePlot.vst","2018-05-22","vst_YELL_2018","D12","YELL","YELL_020",,"NEON.PLA.D12.YELL.00142",,"ok","single bole tree","Live",13.2,130,6.6,,,,3.8,3.7,"Full sun",,,,,,,"abingenheimer@battelleecology.org","bfischer@battelleecology.org",
"c7470124-f024-4499-b9a6-e3f943a64003","YELL_020.basePlot.vst","2018-05-22","vst_YELL_2018","D12","YELL","YELL_020",,"NEON.PLA.D12.YELL.00139",,"ok","single bole tree","Standing dead",16.7,130,6.3,,,,2.7,2.6,"Full sun",,,,,,,"abingenheimer@battelleecology.org","bfischer@battelleecology.org",
"721d761e-feda-4512-9079-c7c22d3ab509","YELL_020.basePlot.vst","2018-05-22","vst_YELL_2018","D12","YELL","YELL_020",,"NEON.PLA.D12.YELL.00143",,"ok","single bole tree","Live",12.2,130,5.7,,,,2.7,2.7,"Full sun",,,,,,,"abingenheimer@battelleecology.org","bfischer@battelleecology.org",
"0c3ab8d1-7c1a-49b7-87cf-82523d61aaa9","YELL_020.basePlot.vst","2018-05-22","vst_YELL_2018","D12","YELL","YELL_020",,"NEON.PLA.D12.YELL.00153",,"ok","single bole tree","Live",11.8,130,6.6,,,,2.4,2.3,"Full sun",,,,,,,"abingenheimer@battelleecology.org","bfischer@battelleecology.org",
"77765c47-4139-4762-a6e1-02c29f27c72d","YELL_020.basePlot.vst","2018-05-22","vst_YELL_2018","D12","YELL","YELL_020",,"NEON.PLA.D12.YELL.00126",,"ok","single bole tree","Live",11.8,130,5.8,,,,3.3,2.6,"Full sun",,,,,,,"abingenheimer@battelleecology.org","bfischer@battelleecology.org",
"5ff6ec7d-6573-43a7-a2af-717330ce09ab","YELL_020.basePlot.vst","2018-05-22","vst_YELL_2018","D12","YELL","YELL_020",,"NEON.PLA.D12.YELL.00138",,"ok","single bole tree","Live",17.6,130,6.0,,,,5.4,5.1,"Full sun",,,,,,,"abingenheimer@battelleecology.org","bfischer@battelleecology.org",
"0bdff399-2e76-4223-947e-861674cf2f42","YELL_020.basePlot.vst","2018-05-22","vst_YELL_2018","D12","YELL","YELL_020",,"NEON.PLA.D12.YELL.00151",,"ok","multi-bole tree","Live",15.4,130,6.5,,,,3.8,3.4,"Full sun",,,,,,,"abingenheimer@battelleecology.org","bfischer@battelleecology.org",
"65ca0ad9-a182-4704-b6bb-568851623cda","YELL_020.basePlot.vst","2018-05-22","vst_YELL_2018","D12","YELL","YELL_020",,"NEON.PLA.D12.YELL.00118",,"ok","single bole tree","Live",13.3,130,5.6,,,,3.4,2.5,"Full sun",,,,,,,"abingenheimer@battelleecology.org","bfischer@battelleecology.org",
"29136e33-15ab-4c5c-ad35-105a97b9ba05","YELL_020.basePlot.vst","2018-05-22","vst_YELL_2018","D12","YELL","YELL_020",,"NEON.PLA.D12.YELL.00136",,"ok","single bole tree","Live",12.8,130,5.4,,,,3.0,2.5,"Full sun",,,,,,,"abingenheimer@battelleecology.org","bfischer@battelleecology.org",
"d0b40664-0e93-470c-b870-e142b6ed01c7","YELL_020.basePlot.vst","2018-05-22","vst_YELL_2018","D12","YELL","YELL_020",,"NEON.PLA.D12.YELL.00150",,"ok","single bole tree","Live",12.6,130,6.1,,,,3.0,2.4,"Full sun",,,,,,,"abingenheimer@battelleecology.org","bfischer@battelleecology.org",
